record_id,year,doy,finres,turb,finturb,nh3,codmn,fincod,bact,flow,clear,post,pre,doseT,chlo,doy_sin,doy_cos
1,2022,1,0.07,4.63,0.18,0.1,2.92,1.88,,3087.0,0.07,0.19,0.21,0.4,0.05,0.0172133561558346,0.9998518392091162
2,2022,4,0.15,4.61,0.18,0.11,3.2,1.8,,2146.0,0.15,0.1,0.3,0.4,0.05,0.0688024268023198,0.9976303053065856
3,2022,5,0.18,4.67,0.17,0.12,2.91,1.78,22.0,2178.0,0.18,0.11,0.29,0.3999999999999999,0.05,0.0859647987374464,0.9962981749346078
4,2022,6,0.13,3.8,0.19,0.12,2.96,1.84,20.0,1812.0,0.13,0.18,0.12,0.3,0.05,0.1031016974474348,0.9946708199115212
5,2022,7,0.14,4.18,0.15,0.09,2.64,1.74,22.0,1791.0,0.14,0.17,0.13,0.3,0.06,0.1202080448993527,0.9927487224577402
6,2022,14,0.1,2.19,0.21,0.11,2.64,1.8,18.0,3689.0,0.1,0.18,0.22,0.4,0.05,0.2386727660059501,0.9711000518829505
7,2022,18,0.11,2.56,0.19,0.14,2.4,1.68,,2991.0,0.11,0.19,0.21,0.4,0.05,0.304921224656289,0.9523775757303974
8,2022,24,0.11,4.42,0.23,0.15,2.67,1.78,21.0,1801.0,0.11,0.11,0.19,0.3,0.05,0.401487989205973,0.9158642882672872
9,2022,25,0.17,4.1,0.23,0.16,2.7,1.72,,3381.0,0.17,0.18,0.22,0.4,0.05,0.4171936026123168,0.9088176373395028
10,2022,26,0.14,5.7,0.2,0.14,2.8,1.68,20.0,1837.0,0.14,0.14,0.16,0.3,0.05,0.4327755925504312,0.901501684131884
11,2022,28,0.07,5.02,0.19,0.15,2.84,1.65,,3483.0,0.07,0.15,0.25,0.4,0.05,0.4635502709028509,0.886070621534138
12,2022,32,0.095,2.825,0.28,0.135,2.42,1.56,,2547.5,0.095,0.1699999999999999,0.2299999999999999,0.4,0.05,0.5234156073655503,0.8520775211013093
13,2022,33,0.1,2.56,0.19,0.17,2.55,1.61,,3384.0,0.1,0.14,0.26,0.4,0.06,0.5380051715382996,0.8429415373547828
14,2022,35,0.1,3.16,0.21,0.15,2.51,1.56,,3347.0,0.1,0.18,0.22,0.4,0.05,0.5667017562911176,0.8239230057575542
15,2022,37,0.17,1.57,0.22,0.17,2.45,1.6,15.0,1579.0,0.17,0.18,0.22,0.4,0.05,0.5947266869607634,0.8039279618328213
16,2022,38,0.14,2.16,0.18,0.15,2.4,1.64,,3466.0,0.14,0.11,0.29,0.3999999999999999,0.05,0.6084768701151261,0.7935716089521474
17,2022,39,0.12,1.48,0.2,0.16,2.47,1.66,,2107.0,0.12,0.15,0.25,0.4,0.05,0.6220467484408675,0.7829801036770629
18,2022,40,0.11,1.5,0.29,0.13,2.48,1.64,12.0,3471.0,0.11,0.14,0.26,0.4,0.06,0.6354323008901774,0.7721565844991642
19,2022,46,0.08,1.58,0.28,0.17,2.48,1.68,,1572.0,0.08,0.15,0.25,0.4,0.05,0.7116566222817746,0.7025274741691571
20,2022,52,0.12,1.25,0.19,0.15,2.42,1.66,,3346.0,0.12,0.16,0.24,0.4,0.05,0.7802958510707755,0.6254105729852463
21,2022,53,0.1,1.78,0.28,0.14,2.48,1.68,,2042.0,0.1,0.19,0.21,0.4,0.05,0.7909456567567772,0.6118864012687243
22,2022,59,0.09,3.42,0.19,0.14,2.44,1.7,16.0,3696.0,0.09,0.15,0.25,0.4,0.06,0.8498170915275278,0.5270777086423722
23,2022,60,0.11,7.56,0.25,0.17,2.77,1.82,,3207.0,0.11,0.12,0.38,0.5,0.07,0.8587639582758029,0.5123714121284237
24,2022,61,0.07,4.76,0.18,0.13,2.28,1.84,12.0,1410.0,0.07,0.17,0.23,0.4,0.06,0.8674563547295969,0.4975132889071806
25,2022,62,0.1,4.7,0.28,0.16,2.6,1.68,12.0,1543.0,0.1,0.14,0.11,0.25,0.08,0.8758917051442429,0.4825077417612184
26,2022,63,0.11,5.9,0.17,0.13,2.24,1.9,16.0,3670.0,0.11,0.16,0.24,0.4,0.06,0.8840675099433636,0.4673592171580022
27,2022,66,0.09,7.26,0.18,0.17,2.57,1.62,28.0,3692.0,0.09,0.17,0.23,0.4,0.06,0.907013812802636,0.4211008707960896
28,2022,67,0.08,5.54,0.19,0.14,2.67,1.7,10.0,3643.0,0.08,0.18,0.22,0.4,0.06,0.9141279881853336,0.4054257283599973
29,2022,68,0.1,5.6,0.22,0.18,2.68,1.76,28.0,4676.0,0.1,0.11,0.39,0.5,0.06,0.9209712877166346,0.3896304495307879
30,2022,70,0.07,8.28,0.17,0.15,2.56,1.65,,3698.0,0.07,0.18,0.32,0.5,0.07,0.9338372288229252,0.3576982388331254
31,2022,73,0.15,3.94,0.18,0.14,2.59,1.62,12.0,3392.0,0.15,0.17,0.33,0.5,0.07,0.9510565162951536,0.3090169943749474
32,2022,74,0.13,5.19,0.19,0.18,2.58,1.6,20.0,3657.0,0.13,0.13,0.37,0.5,,0.9562348265919056,0.2926003356333483
33,2022,75,0.12,3.52,0.24,0.17,2.63,1.7,18.0,2204.0,0.12,0.19,0.31,0.5,0.07,0.9611297838723007,0.2760969730974688
34,2022,76,0.07,5.17,0.19,0.16,2.67,1.71,,1561.0,0.07,0.14,0.36,0.5,0.06,0.9657399376548548,0.2595117970697999
35,2022,77,0.13,3.69,0.19,0.18,2.98,1.7,,1911.0,0.13,0.2,0.3,0.5,0.06,0.9700639218515072,0.2428497220959356
36,2022,80,0.13,3.68,0.19,0.16,2.84,1.68,20.0,3531.0,0.13,0.14,0.11,0.25,0.07,0.9813064702716092,0.1924515819708299
37,2022,81,0.13,3.8,0.3,0.15,2.8,1.54,,3199.0,0.13,0.18,0.07,0.25,0.06,0.9844738167520922,0.1755314904214282
38,2022,82,0.1,5.61,0.29,0.15,2.76,1.58,21.0,3158.0,0.1,0.17,0.08,0.25,0.07,0.9873494423939864,0.1585593851031347
39,2022,83,0.13,4.2,0.28,0.16,2.72,1.52,,3385.0,0.13,0.11,0.14,0.25,0.07,0.989932495087353,0.141540295217043
40,2022,84,0.14,5.06,0.25,0.17,2.76,1.6,15.0,1092.0,0.14,0.15,0.1,0.25,0.07,0.9922222094179324,0.1244792638867891
41,2022,87,0.1,4.15,0.2,0.16,2.76,1.68,16.0,3229.0,0.1,0.18,0.07,0.25,0.07,0.9973249731081556,0.0730951298980777
42,2022,88,0.14,5.7,0.3,0.15,2.62,1.63,,3369.0,0.14,0.12,0.13,0.25,0.07,0.9984354211555644,0.0559169901006034
43,2022,91,0.11,4.6,0.29,0.17,2.68,1.65,29.0,1556.0,0.11,0.14,0.11,0.25,0.07,0.99999073973619,0.0043035382962442
44,2022,92,0.08,7.35,0.27,0.17,2.96,1.76,,4896.0,0.08,0.12,0.28,0.4,0.1,0.999916658654738,-0.0129102960750088
45,2022,96,0.13,7.78,0.28,0.19,2.6,1.66,,3134.0,0.13,0.19,0.21,0.4,0.09,0.9966589017541702,-0.0816763953304224
46,2022,97,0.16,5.47,0.27,0.17,2.68,1.65,22.0,4636.0,0.16,0.17,0.23,0.4,0.08,0.9951053111006976,-0.0988201387328714
47,2022,103,0.1,7.9,0.23,0.17,2.9,1.6,16.0,4952.0,0.1,0.2,0.2,0.4,0.1,0.97961369164549,-0.200890555130635
48,2022,105,0.07,8.3,0.2,0.19,2.92,1.66,,4816.0,0.07,0.13,0.27,0.4,0.09,0.9721181966290612,-0.2344913895704098
49,2022,108,0.1,7.25,0.23,0.18,2.95,1.74,15.0,4896.0,0.1,0.15,0.25,0.4,0.09,0.9587178169872964,-0.2843591872810034
50,2022,114,0.13,7.04,0.25,0.17,2.32,1.52,112.0,5050.0,0.13,0.2,0.3,0.5,0.11,0.9242907221930932,-0.3816892202666588
51,2022,115,0.11,6.63,0.16,0.18,2.36,1.56,135.0,4854.0,0.11,0.13,0.37,0.5,0.12,0.9175836260593936,-0.3975428142825559
52,2022,116,0.16,7.51,0.21,0.2,2.32,1.56,,4847.0,0.16,0.13,0.37,0.5,0.12,0.9106046300942162,-0.4132786077829042
53,2022,117,0.22,10.19,0.18,0.18,2.36,1.58,,3837.0,0.22,0.14,0.36,0.5,0.11,0.9033558023246844,-0.4288919379124835
54,2022,121,0.14,4.98,0.16,0.18,2.26,1.49,,4530.0,0.14,0.12,0.53,0.65,,0.8717063187093218,-0.4900286664290592
55,2022,125,0.14,5.65,0.24,0.19,2.32,1.65,,4532.0,0.14,0.12,0.53,0.65,,0.8359254794186372,-0.548842958284719
56,2022,132,0.16,4.98,0.12,0.17,2.3,1.49,,4559.0,0.16,0.19,0.46,0.65,,0.7638886127905428,-0.6453481132295501
57,2022,133,0.17,6.1,0.06,0.2,2.48,1.62,142.0,4596.0,0.17,0.15,0.5,0.65,,0.7526668275320085,-0.6584015846980488
58,2022,136,0.12,6.02,0.07,0.21,2.24,1.56,,4505.0,0.12,0.16,0.49,0.65,,0.717676913675962,-0.6963762255968722
59,2022,139,0.12,5.77,0.06,0.24,2.32,1.6,130.0,4600.0,0.12,0.13,0.52,0.65,,0.6807734094770161,-0.7324940716135789
60,2022,144,0.18,5.62,0.06,0.21,2.56,1.84,,4510.0,0.18,0.15,0.5,0.65,,0.6152845999633276,-0.7883050558305255
61,2022,147,0.11,10.5,0.07,0.2,2.32,1.52,,4575.0,0.11,0.18,0.47,0.6499999999999999,,0.5737722679043246,-0.8190148866680801
62,2022,151,0.09,7.31,0.09,0.22,2.4,1.52,168.0,5129.0,0.09,0.16,0.49,0.65,0.14,0.5160623910158528,-0.8565509959010036
63,2022,152,0.13,7.35,0.08,0.23,2.36,1.56,179.0,5014.0,0.13,0.19,0.46,0.65,0.15,0.5012418134457758,-0.865307254363206
64,2022,153,0.08,5.76,0.075,0.215,2.545,1.49,168.0,4880.0,0.08,0.125,0.525,0.65,0.16,0.4862727071086899,-0.8738071036110808
65,2022,159,0.2,7.14,0.09,0.16,2.32,1.32,,3752.0,0.2,0.11,0.54,0.65,0.16,0.3935902766564667,-0.9192859697186104
66,2022,160,0.15,13.7,0.09,0.18,2.4,1.36,178.0,3869.0,0.15,0.11,0.54,0.65,0.15,0.3777079652039649,-0.9259247771938498
67,2022,165,0.11,6.18,0.08,0.21,2.65,1.74,,2063.0,0.11,0.14,0.51,0.65,0.15,0.2967128192734907,-0.9549667548552552
68,2022,166,0.11,20.9,0.08,0.2,2.68,1.72,,2028.0,0.11,0.12,0.53,0.65,0.14,0.2802306751992158,-0.9599326896597448
69,2022,167,0.12,5.68,0.1,0.21,2.76,1.42,,2078.0,0.12,0.12,0.53,0.65,0.15,0.263665492728007,-0.9646141756912436
70,2022,172,0.12,4.41,0.08,0.2,2.28,1.48,296.0,5054.0,0.12,0.19,0.46,0.65,0.17,0.1797665857255624,-0.9837092937736096
71,2022,174,0.08,6.65,0.06,0.23,2.32,1.52,280.0,2037.0,0.08,0.14,0.51,0.65,0.16,0.1457991969198751,-0.9893142039703664
72,2022,175,0.11,6.7,0.07,0.22,2.4,1.56,,2080.0,0.11,0.19,0.46,0.65,0.17,0.1287481774525813,-0.99167731989929
73,2022,182,0.11,8.94,0.06,0.21,2.56,1.4,,2034.0,0.11,0.18,0.47,0.6499999999999999,0.18,0.0086069968886886,-0.9999629591162656
74,2022,183,0.12,4.46,0.09,0.2,2.4,1.36,234.0,1863.0,0.12,0.2,0.3,0.5,0.19,-0.008606996888688,-0.9999629591162656
75,2022,186,,0.94,0.11,0.07,1.0,0.8,,3922.0,,0.15,0.5,0.65,0.19,-0.0602132773657927,-0.9981855344718586
76,2022,187,0.11,5.45,0.08,0.19,2.68,1.48,,1947.0,0.11,0.13,0.52,0.65,0.18,-0.0773864792334632,-0.9970011699250152
77,2022,188,0.11,61.8,0.11,0.24,5.01,1.53,,3964.0,0.11,0.12,0.53,0.65,0.18,-0.0945367498171993,-0.9955213724144752
78,2022,193,0.13,6.67,,0.29,2.6,1.58,37.0,3881.0,0.13,0.19,0.46,0.65,0.18,-0.1797665857255621,-0.9837092937736098
79,2022,194,0.16,5.88,0.11,0.23,2.64,1.56,310.0,3871.0,0.16,0.11,0.39,0.5,0.19,-0.1966728897935762,-0.980469160361632
80,2022,196,0.1,6.39,0.09,0.22,2.2,1.4,,1966.0,0.1,0.12,0.38,0.5,0.19,-0.2303056702306119,-0.973118337233262
81,2022,199,0.07,5.67,0.1,0.2,2.42,1.28,,1344.0,0.07,0.15,0.35,0.5,0.19,-0.2802306751992161,-0.9599326896597444
82,2022,200,0.13,4.97,0.07,0.19,2.4,1.32,230.0,3872.0,0.13,0.2,0.3,0.5,0.2,-0.2967128192734901,-0.9549667548552552
83,2022,203,0.11,5.65,0.08,0.21,2.44,1.4,,1885.0,0.11,0.12,0.38,0.5,0.19,-0.3456123126707333,-0.9383773917408642
84,2022,207,0.13,6.42,0.07,0.23,2.56,1.44,,2130.0,0.13,0.2,0.3,0.5,0.19,-0.4093559588156211,-0.9123747579707274
85,2022,209,0.11,5.5,0.1,0.2,2.56,1.48,410.0,1965.0,0.11,0.17,0.33,0.5,0.19,-0.4405187843504952,-0.8977433935342336
86,2022,210,0.13,5.72,0.1,0.21,2.52,1.52,,1898.0,0.13,0.2,0.3,0.5,0.18,-0.455906693508459,-0.8900275764346766
87,2022,214,0.15,5.77,0.07,0.17,2.28,1.16,370.0,3849.0,0.15,0.13,0.37,0.5,0.19,-0.5160623910158526,-0.8565509959010037
88,2022,215,0.12,15.4,0.17,0.19,2.48,1.04,260.0,1977.0,0.12,0.14,0.46,0.6000000000000001,0.14,-0.5307300481619331,-0.8475409228928312
89,2022,216,0.04,1.04,0.09,0.04,0.76,0.4,,1887.0,0.04,0.1,0.4,0.5,0.17,-0.5452404385406507,-0.8382797052177745
90,2022,221,0.14,4.43,0.14,0.17,2.42,1.13,210.0,1902.0,0.14,0.18,0.32,0.5,0.18,-0.6152845999633277,-0.7883050558305253
91,2022,223,0.1,11.6,0.09,0.18,2.44,1.2,,1887.0,0.1,0.13,0.37,0.5,0.17,-0.6420547132365636,-0.7666588193001592
92,2022,228,0.13,4.98,0.09,0.17,2.52,1.28,380.0,1874.0,0.13,0.16,0.34,0.5,0.18,-0.7055836101071774,-0.70862667826446
93,2022,238,0.14,10.57,0.1,0.17,2.32,1.36,150.0,1846.0,0.14,0.19,0.41,0.6,0.16,-0.8165380514459157,-0.5772916165517278
94,2022,240,0.16,16.6,0.11,0.17,2.25,1.21,,3612.0,0.16,0.15,0.45,0.6,0.15,-0.8359254794186365,-0.5488429582847199
95,2022,241,0.12,14.2,0.13,0.16,2.2,1.08,210.0,2171.0,0.12,0.12,0.48,0.6,0.14,-0.8452490573530634,-0.5343725582809785
96,2022,245,0.1,15.9,0.15,0.16,2.59,1.29,170.0,3535.0,0.1,0.18,0.57,0.75,0.12,-0.8800122039735356,-0.4749510720670502
97,2022,248,0.07,11.8,0.09,0.14,2.45,1.23,,3667.0,0.07,0.18,0.52,0.7,0.15,-0.9033558023246842,-0.4288919379124841
98,2022,249,0.1,11.2,0.09,0.15,2.64,1.28,280.0,3677.0,0.1,0.18,0.52,0.7,0.15,-0.9106046300942162,-0.4132786077829044
99,2022,250,0.06,8.48,0.11,,,,,2012.0,0.06,0.19,0.51,0.7,0.15,-0.9175836260593934,-0.3975428142825566
100,2022,252,0.18,18.9,0.11,0.16,2.56,1.28,,4993.0,0.18,0.11,0.59,0.7,0.15,-0.9307239310379792,-0.3657225234972692
101,2022,256,0.12,17.8,0.1,0.17,2.48,1.32,,4940.0,0.12,0.2,0.55,0.75,0.16,-0.9536809966304456,-0.300819807635668
102,2022,257,0.15,16.95,0.11,,,,,2089.0,0.15,0.16,0.59,0.75,0.16,-0.9587178169872964,-0.2843591872810036
103,2022,262,0.09,16.5,0.13,0.17,2.56,1.31,,3550.0,0.09,0.17,0.58,0.75,0.12,-0.97961369164549,-0.2008905551306352
104,2022,270,0.09,13.6,0.08,0.17,2.74,1.26,280.0,3808.0,0.09,0.2,0.45,0.65,0.12,-0.9979171608653922,-0.0645084494493162
105,2022,274,0.16,18.2,0.11,0.16,2.22,1.2,200.0,2043.0,0.16,0.1,0.65,0.75,0.08,-0.99999073973619,0.0043035382962438
106,2022,281,0.16,16.6,0.11,0.17,2.25,1.21,,2088.0,0.16,0.15,0.6,0.75,0.1,-0.9922222094179324,0.1244792638867886
107,2022,282,0.13,12.5,0.08,0.18,2.36,1.36,140.0,2038.0,0.13,0.1,0.65,0.75,0.09,-0.989932495087353,0.141540295217043
108,2022,284,0.23,26.0,0.11,0.16,2.3,1.18,,3777.0,0.23,0.19,0.56,0.75,0.08,-0.9844738167520924,0.1755314904214277
109,2022,298,0.11,12.7,0.1,0.16,2.34,1.45,,3586.0,0.11,0.13,0.67,0.8,0.18,-0.9141279881853336,0.4054257283599973
110,2022,305,0.18,13.4,0.16,0.14,2.56,1.16,126.0,2072.0,0.18,0.18,0.42,0.6,0.1,-0.858763958275803,0.5123714121284235
111,2022,306,0.13,14.4,0.13,0.14,2.6,1.2,,3975.0,0.13,0.13,0.47,0.6,0.1,-0.8498170915275277,0.5270777086423724
112,2022,307,0.11,8.76,0.1,0.16,2.58,1.37,,,0.11,0.19,,,0.1,-0.8406184056344783,0.5416278206559811
113,2022,308,0.15,14.5,0.12,0.13,2.56,1.58,,3434.0,0.15,0.19,0.41,0.6,0.08,-0.8311706263658079,0.5560174366570446
114,2022,309,0.12,14.2,0.14,0.15,2.66,1.44,,3956.0,0.12,0.15,0.45,0.6,0.09,-0.8214765533024145,0.5702422926917867
115,2022,311,0.12,25.7,0.1,0.16,2.57,1.5,,5012.0,0.12,0.13,0.47,0.6,0.09,-0.801361088174677,0.5981809144059158
116,2022,312,0.18,8.35,0.14,0.15,2.64,1.52,,5032.0,0.18,0.17,0.43,0.6,0.08,-0.7909456567567774,0.6118864012687242
117,2022,315,0.14,9.75,0.14,0.15,2.4,1.36,,3453.0,0.14,0.16,0.44,0.6,0.09,-0.7583058084785625,0.6518989958787125
118,2022,317,0.13,24.2,0.09,0.14,2.32,1.44,,5021.0,0.13,0.18,0.42,0.6,0.08,-0.7354170229639858,0.6776147890466887
119,2022,319,0.17,11.4,0.1,0.13,2.44,1.44,,,0.17,0.13,,,0.07,-0.711656622281775,0.7025274741691566
120,2022,320,,10.9,,0.16,2.29,,109.0,2115.0,,0.11,0.49,0.6,0.06,-0.6994583270516471,0.7146733860429608
121,2022,325,0.15,12.8,0.1,0.16,2.16,1.44,130.0,,0.15,0.11,,,,-0.6354323008901775,0.7721565844991641
122,2022,326,0.12,10.7,0.13,0.17,2.02,1.54,159.0,2076.0,0.12,0.12,0.48,0.6,0.07,-0.622046748440868,0.7829801036770624
123,2022,327,0.13,9.09,0.08,0.15,2.28,1.44,,3455.0,0.13,0.17,0.43,0.6,0.07,-0.6084768701151264,0.7935716089521472
124,2022,328,0.16,7.4,0.13,0.16,2.32,1.62,,3776.0,0.16,0.18,0.42,0.6,0.07,-0.594726686960764,0.8039279618328208
125,2022,329,0.13,8.6,0.09,0.14,2.39,1.56,,3632.0,0.13,0.17,0.43,0.6,0.07,-0.5808002734538013,0.8140460935082175
126,2022,330,0.16,19.8,0.11,0.14,2.53,1.43,,3766.0,0.16,0.12,0.48,0.6,0.07,-0.5667017562911184,0.8239230057575536
127,2022,332,0.21,15.0,0.14,0.15,2.4,1.48,,2031.0,0.21,0.17,0.33,0.5,0.09,-0.5380051715382992,0.8429415373547832
128,2022,333,0.12,11.1,0.11,0.16,2.53,1.66,60.0,2048.0,0.12,0.11,0.49,0.6,0.07,-0.5234156073655503,0.8520775211013093
129,2022,336,0.16,2.66,0.17,0.17,2.28,1.52,,3579.0,0.16,0.14,0.21,0.35,0.04,-0.4787338401157883,0.8779600847008883
130,2022,337,0.109,5.2,0.15,0.14,2.36,1.56,,2031.0,0.109,0.1,0.4,0.5,0.04,-0.4635502709028512,0.8860706215341378
131,2022,339,0.1,5.49,0.18,0.16,2.4,1.36,,3606.0,0.1,0.17,0.33,0.5,0.04,-0.4327755925504317,0.9015016841318838
132,2022,340,0.05,0.16,0.11,0.05,1.04,0.32,1.0,3838.0,0.05,0.14,0.36,0.5,0.04,-0.4171936026123169,0.9088176373395028
133,2022,341,0.13,4.13,0.14,0.15,2.2,1.56,,3616.0,0.13,0.17,0.18,0.35,0.04,-0.4014879892059737,0.9158642882672868
134,2022,342,0.16,3.89,0.15,0.16,2.24,1.52,,3777.0,0.16,0.14,0.21,0.35,0.04,-0.3856634062436074,0.9226395488404876
135,2022,343,0.13,3.68,0.16,0.14,2.41,1.55,,3718.0,0.13,0.12,0.23,0.35,0.04,-0.3697245428906732,0.9291414114031744
136,2022,345,0.1,3.98,0.13,0.14,2.2,1.48,,3826.0,0.1,0.18,0.17,0.35,0.05,-0.3375228995941134,0.941317317512847
137,2022,346,0.14,4.03,0.17,0.14,2.4,1.52,60.0,1462.0,0.14,0.18,0.17,0.35,0.04,-0.3212696616923651,0.9469877530760752
138,2022,347,0.1,3.21,0.12,0.14,2.3,1.42,42.0,3783.0,0.1,0.11,0.24,0.35,0.04,-0.3049212246562894,0.9523775757303972
139,2022,348,0.11,4.01,0.12,0.13,2.28,1.36,,3761.0,0.11,0.17,0.18,0.35,0.04,-0.2884824328806098,0.9574851883550388
140,2022,349,0.1,3.21,0.12,0.14,2.3,1.42,42.0,3781.0,0.1,0.12,0.23,0.35,0.04,-0.2719581575341052,0.9623090774541488
141,2022,350,0.1,3.48,0.22,0.14,2.34,1.45,76.0,3676.0,0.1,0.18,0.17,0.35,0.04,-0.2553532951161881,0.9668478136052772
142,2022,351,0.13,2.05,0.17,0.12,2.32,1.44,,3712.0,0.13,0.16,0.19,0.35,0.04,-0.2386727660059499,0.9711000518829505
143,2022,352,0.15,2.8,0.14,0.16,2.36,1.47,,2019.0,0.15,0.14,0.21,0.35,0.04,-0.2219215130041667,0.9750645322571944
144,2022,353,0.14,2.79,0.18,0.14,2.12,1.46,18.0,3164.0,0.14,0.17,0.18,0.35,0.04,-0.2051044998686192,0.9787400799669153
145,2022,355,0.11,2.42,0.15,0.14,2.08,1.44,,3659.0,0.11,0.13,0.22,0.35,0.04,-0.1712931441814778,0.9852201067560606
146,2022,356,0.08,2.84,0.14,0.13,2.2,1.36,20.0,3731.0,0.08,0.17,0.18,0.35,0.04,-0.154308820664281,0.9880226656636976
147,2022,362,0.1,5.15,0.2,0.16,2.3,1.5,20.0,3247.0,0.1,0.13,0.22,0.35,0.04,-0.0516196672232541,0.998666816288476
148,2022,363,0.1,4.76,0.16,0.14,2.34,1.56,,3680.0,0.1,0.12,0.38,0.5,0.04,-0.0344216116227458,0.9994074007397048
149,2023,1,0.04,0.32,0.1,0.02,0.88,,,2046.0,0.17,0.16,0.34,0.5,0.04,0.0172133561558346,0.9998518392091162
150,2023,2,,,,,,,,,,0.155,,,,0.0344216116227457,0.9994074007397048
151,2023,3,0.08,6.41,0.14,0.13,2.26,1.7,32.0,1629.0,0.15,0.15,0.48,0.6,0.04,0.0516196672232537,0.998666816288476
152,2023,4,,,,,,,,,,0.11,,,,0.0688024268023198,0.9976303053065856
153,2023,5,0.17,4.87,0.12,0.15,2.16,1.6,,2019.0,0.2,0.11,0.39,0.5,0.04,0.0859647987374464,0.9962981749346078
154,2023,6,0.18,2.7,0.1,0.15,2.24,1.68,42.0,3675.0,0.17,0.19,0.31,0.5,0.04,0.1031016974474348,0.9946708199115212
155,2023,7,,,,,,,,,,0.18,,,,0.1202080448993527,0.9927487224577402
156,2023,8,,,,,,,,,,0.16,,,,0.1372787721132647,0.9905324521322229
157,2023,9,0.12,6.36,0.14,0.13,2.26,1.37,,2012.0,0.18,0.15,0.35,0.5,0.04,0.1543088206642811,0.9880226656636976
158,2023,11,0.16,7.56,0.14,0.15,2.06,1.08,,2066.0,0.16,0.18,0.32,0.5,0.04,0.1882267098432442,0.9821256058680006
159,2023,12,0.14,8.64,0.14,0.14,2.22,1.23,,3737.0,0.15,0.13,0.37,0.5,0.04,0.2051044998686192,0.9787400799669153
160,2023,13,,,,,,,,,,0.18,,,,0.2219215130041655,0.9750645322571948
161,2023,14,0.11,14.4,0.16,0.15,2.2,1.16,,3323.0,0.16,0.14,0.36,0.5,0.04,0.2386727660059501,0.9711000518829505
162,2023,15,0.11,6.56,0.08,0.15,2.18,1.18,,3541.0,0.15,0.19,0.31,0.5,0.04,0.255353295116187,0.9668478136052776
163,2023,16,,,,,,,,,,0.16,,,,0.2719581575341055,0.9623090774541486
164,2023,17,0.11,2.67,0.15,0.13,2.12,1.48,42.0,3888.0,0.12,0.17,0.33,0.5,0.04,0.288482432880609,0.9574851883550392
165,2023,18,,,,,,,,,,0.18,,,,0.304921224656289,0.9523775757303974
166,2023,19,0.16,4.12,0.12,0.14,2.08,1.23,36.0,3618.0,0.16,0.13,0.27,0.4,0.04,0.3212696616923644,0.9469877530760752
167,2023,21,0.15,3.05,0.16,0.13,2.04,1.24,,2089.0,0.18,0.15,0.15,0.3,0.04,0.3536761221763716,0.9353679493131484
168,2023,22,0.13,2.8,0.16,0.14,2.1,1.48,,,,0.19,,,,0.3697245428906731,0.9291414114031744
169,2023,23,0.08,4.89,0.14,0.14,2.18,1.3,,,,0.16,,,,0.385663406243607,0.9226395488404876
170,2023,24,0.14,8.15,0.15,0.16,2.24,1.28,,,,0.2,,,,0.401487989205973,0.9158642882672872
171,2023,25,0.12,7.52,0.18,0.16,2.08,1.2,,,,0.15,,,,0.4171936026123168,0.9088176373395028
172,2023,26,,,,,,,,,,0.13,,,,0.4327755925504312,0.901501684131884
173,2023,27,0.05,3.31,0.24,0.16,2.12,1.52,,,,0.15,,,,0.4482293417404106,0.893918596519257
174,2023,28,,,,,,,,,,0.17,,,,0.4635502709028509,0.886070621534138
175,2023,29,,,,,,,,,,0.19,,,,0.4787338401157884,0.8779600847008882
176,2023,31,0.12,3.87,0.15,0.14,2.12,1.28,25.0,3515.0,0.15,0.19,0.21,0.4,0.04,0.5086709438521044,0.8609610158889943
177,2023,32,0.16,1.63,0.21,0.15,2.12,1.28,42.0,3360.0,0.155,0.135,0.415,0.55,0.04,0.5234156073655503,0.8520775211013093
178,2023,33,0.135,2.49,0.13,0.135,2.175,1.34,,2888.0,0.155,0.11,0.415,0.525,0.055,0.5380051715382996,0.8429415373547828
179,2023,34,,,,,,,,,,0.19,,,,0.5524353131676196,0.8335557718385699
180,2023,35,,,,,,,,,,0.14,,,,0.5667017562911176,0.8239230057575542
181,2023,36,,,,,,,,,,0.11,,,,0.5808002734538009,0.8140460935082178
182,2023,37,0.15,2.58,0.14,0.17,2.26,1.31,22.0,1519.0,0.18,0.11,0.39,0.5,0.04,0.5947266869607634,0.8039279618328213
183,2023,38,0.14,2.48,0.08,0.13,2.04,1.16,26.0,3820.0,0.15,0.13,0.47,0.6,0.04,0.6084768701151261,0.7935716089521474
184,2023,39,0.16,1.62,0.11,0.15,2.02,1.13,,3659.0,0.17,0.14,0.56,0.7000000000000001,0.04,0.6220467484408675,0.7829801036770629
185,2023,40,,,,,,,,,,0.18,,,,0.6354323008901774,0.7721565844991642
186,2023,42,0.18,1.33,0.16,0.14,2.08,1.24,,3783.0,0.15,0.2,0.4,0.6000000000000001,0.04,0.6616346182422783,0.7498264012045686
187,2023,43,0.11,1.6,0.12,0.14,2.16,1.28,,3413.0,0.15,0.13,0.47,0.6,0.04,0.6744436188329455,0.7383263540031065
188,2023,44,0.22,2.75,0.12,0.14,2.28,1.32,,2028.0,0.19,0.1,0.5,0.6,0.05,0.6870527672236669,0.7266075247685656
189,2023,45,0.12,4.38,0.12,0.14,2.12,1.28,25.0,3771.0,0.15,0.12,0.48,0.6,0.04,0.699458327051647,0.7146733860429609
190,2023,46,0.11,2.1,0.15,0.13,2.2,1.32,46.0,3135.0,0.19,0.19,0.41,0.6,0.04,0.7116566222817746,0.7025274741691571
191,2023,47,0.14,1.79,0.1,0.15,2.26,1.53,,3093.0,0.15,0.15,0.45,0.6,0.04,0.7236440382959124,0.6901733882429719
192,2023,48,0.2,2.14,0.16,0.14,2.2,1.48,,3536.0,0.15,0.18,0.47,0.6499999999999999,0.07,0.7354170229639855,0.6776147890466889
193,2023,49,,,,,,,,,,0.15,,,,0.7469720876965552,0.6648553979642865
194,2023,50,0.1,2.32,0.11,0.12,2.24,1.4,,3665.0,0.15,0.18,0.47,0.6499999999999999,0.07,0.7583058084785624,0.6518989958787126
195,2023,52,0.13,4.72,0.15,0.14,2.2,1.28,40.0,3677.0,0.15,0.19,0.51,0.7,0.06,0.7802958510707755,0.6254105729852463
196,2023,53,0.18,3.85,0.16,0.15,2.24,1.32,18.0,3511.0,0.15,0.15,0.55,0.7000000000000001,0.06,0.7909456567567772,0.6118864012687243
197,2023,54,0.13,3.31,0.15,0.11,2.28,1.37,70.0,5115.0,0.14,0.19,0.51,0.7,0.05,0.8013610881746766,0.5981809144059165
198,2023,55,0.12,6.26,0.28,0.13,2.2,1.28,,3668.0,0.15,0.17,0.53,0.7000000000000001,0.06,0.8115390590073611,0.5842981736283684
199,2023,56,0.07,5.63,0.1,0.13,2.22,1.31,,3641.0,0.15,0.18,0.52,0.7,0.06,0.8214765533024142,0.5702422926917871
200,2023,57,,,,,,,,,,0.16,,,,0.8311706263658079,0.5560174366570446
201,2023,58,0.13,5.49,0.11,0.13,2.24,1.36,39.0,4635.0,0.15,0.12,0.68,0.8,0.07,0.8406184056344782,0.5416278206559814
202,2023,59,0.11,7.58,0.1,0.14,2.28,1.28,,4798.0,0.15,0.13,0.67,0.8,0.07,0.8498170915275278,0.5270777086423722
203,2023,60,0.115,5.84,0.125,0.155,2.44,1.435,,4841.5,0.15,0.175,0.675,0.8500000000000001,0.085,0.8587639582758029,0.5123714121284237
204,2023,61,0.095,6.470000000000001,0.12,0.15,2.31,1.44,,4882.0,0.15,0.125,0.725,0.85,0.085,0.8674563547295969,0.4975132889071806
205,2023,62,0.1,6.235,0.15,0.145,2.29,1.335,32.0,3799.0,0.18,0.16,0.74,0.9,0.08,0.8758917051442429,0.4825077417612184
206,2023,63,0.15,7.08,0.12,0.16,2.38,1.44,90.0,4630.0,0.15,0.18,0.72,0.8999999999999999,0.07,0.8840675099433636,0.4673592171580022
207,2023,64,0.16,15.0,0.15,0.14,2.24,1.32,36.0,4790.0,0.16,0.11,0.79,0.9,0.13,0.8919813464595485,0.4520722039323043
208,2023,65,0.13,5.4,0.11,0.13,2.18,1.45,45.0,4901.0,0.15,0.1,0.8,0.9,0.13,0.8996308696522433,0.436651231956064
209,2023,66,0.11,4.92,0.12,0.15,2.24,1.4,,4957.0,0.15,0.16,0.74,0.9,0.1,0.907013812802636,0.4211008707960896
210,2023,67,0.12,8.21,0.14,0.17,2.48,1.44,,3728.0,0.17,0.13,0.77,0.9,0.1,0.9141279881853336,0.4054257283599973
211,2023,68,0.14,5.42,0.13,0.16,2.5,1.41,40.0,4668.0,0.16,0.18,0.72,0.8999999999999999,0.1,0.9209712877166346,0.3896304495307879
212,2023,70,0.15,9.02,0.09,0.16,2.28,1.39,,1939.0,0.18,0.17,0.73,0.9,0.11,0.9338372288229252,0.3576982388331254
213,2023,71,,,,,,,,,,0.11,,,,0.9398560579418954,0.3415707691678556
214,2023,72,0.12,3.46,0.15,0.14,2.4,1.4,45.0,4856.0,0.15,0.12,0.78,0.9,0.1,0.9455963874271426,0.3253420847119801
215,2023,73,0.15,3.1,0.1,0.13,2.4,1.4,48.0,4928.0,0.16,0.11,0.79,0.9,0.08,0.9510565162951536,0.3090169943749474
216,2023,74,0.12,3.22,0.17,0.14,2.32,1.5,,3980.0,0.15,0.19,0.71,0.8999999999999999,0.09,0.9562348265919056,0.2926003356333483
217,2023,75,0.11,9.46,0.1,0.14,2.28,1.44,,3636.0,0.17,0.17,0.73,0.9,0.08,0.9611297838723007,0.2760969730974688
218,2023,76,,,,,,,,,,0.14,,,,0.9657399376548548,0.2595117970697999
219,2023,77,0.12,8.21,0.14,0.17,2.48,1.44,50.0,3744.0,0.16,0.15,0.75,0.9,0.09,0.9700639218515072,0.2428497220959356
220,2023,78,0.1,4.9,0.1,0.13,2.42,1.41,,4887.0,0.15,0.17,0.73,0.9,0.08,0.9741004551724204,0.2261156855082882
221,2023,80,0.1,4.4,0.18,0.15,2.32,1.52,,4803.0,0.17,0.12,0.78,0.9,0.09,0.9813064702716092,0.1924515819708299
222,2023,81,0.11,4.6,0.15,0.14,2.36,1.52,27.0,4741.0,0.15,0.13,0.77,0.9,0.09,0.9844738167520922,0.1755314904214282
223,2023,82,0.16,5.69,0.16,0.15,2.28,1.47,22.0,3721.0,0.16,0.2,0.7,0.8999999999999999,0.09,0.9873494423939864,0.1585593851031347
224,2023,83,0.12,6.55,0.17,0.13,2.32,1.5,25.0,4758.0,0.15,0.13,0.77,0.9,0.08,0.989932495087353,0.141540295217043
225,2023,84,0.12,4.82,0.14,0.12,2.2,1.48,,3152.0,0.16,0.17,0.73,0.9,0.08,0.9922222094179324,0.1244792638867891
226,2023,85,0.08,5.56,0.24,0.14,2.4,1.56,,3566.0,0.16,0.16,0.74,0.9,0.07,0.994217906893952,0.107381346664163
227,2023,86,0.1,3.79,0.11,0.15,2.3,1.45,,4879.0,0.15,0.2,0.7,0.8999999999999999,0.08,0.995918996147179,0.0902516100310411
228,2023,87,0.12,4.7,0.2,0.14,2.16,1.28,,4870.0,0.16,0.1,0.8,0.9,0.08,0.9973249731081556,0.0730951298980777
229,2023,88,0.12,8.39,0.1,0.13,2.26,1.37,40.0,4851.0,0.15,0.16,0.74,0.9,0.08,0.9984354211555644,0.0559169901006034
230,2023,90,0.1,11.2,0.17,0.15,2.04,1.28,,4726.0,0.15,0.11,0.79,0.9,0.08,0.9997685019798908,0.0215160974362222
231,2023,91,,,,,,,37.0,3587.5,0.165,0.14,0.66,0.8,0.08,0.99999073973619,0.0043035382962442
232,2023,92,0.105,13.4,0.09,0.17,2.22,1.26,52.5,3308.0,0.155,0.13,0.67,0.8,0.095,0.999916658654738,-0.0129102960750088
233,2023,93,,,,,,,,,,0.165,,,,0.9995462806873572,-0.0301203048469081
234,2023,94,0.13,8.03,0.1,0.14,2.36,1.28,66.0,3022.0,0.17,0.12,0.58,0.7,0.08,0.9988797155850336,-0.0473213883224318
235,2023,95,0.13,10.6,0.09,0.16,2.42,1.41,,3038.0,0.18,0.18,0.52,0.7,0.08,0.9979171608653922,-0.0645084494493162
236,2023,96,0.15,16.2,0.1,0.14,2.04,1.36,,3579.0,0.17,0.19,0.51,0.7,0.07,0.9966589017541702,-0.0816763953304224
237,2023,97,0.11,18.5,0.2,0.16,2.28,1.41,,4654.0,0.15,0.17,0.53,0.7000000000000001,0.07,0.9951053111006976,-0.0988201387328714
238,2023,98,0.13,17.8,0.18,0.14,2.35,1.36,,3718.0,0.17,0.13,0.57,0.7,0.08,0.9932568492674144,-0.1159345995955004
239,2023,99,,,,,,,,,,0.12,,,,0.9911140639934548,-0.1330147065341959
240,2023,101,0.12,8.03,0.1,0.18,2.26,1.37,,3649.0,0.16,0.15,0.55,0.7000000000000001,0.08,0.9859481499638304,-0.1670516255021192
241,2023,102,0.12,9.54,0.16,0.17,2.28,1.4,42.0,3221.0,0.16,0.18,0.52,0.7,0.08,0.9829265519799822,-0.18399835165768
242,2023,103,,,,,,,,,,0.19,,,,0.97961369164549,-0.200890555130635
243,2023,104,0.11,7.63,0.16,0.16,2.3,1.42,,4737.0,0.02,0.15,0.55,0.7000000000000001,0.08,0.9760105506323684,-0.2177232303965317
244,2023,105,0.12,6.55,0.1,0.16,2.36,1.32,,3484.0,0.16,0.2,0.5,0.7,0.09,0.9721181966290612,-0.2344913895704098
245,2023,106,,,,,,,,,,0.1,,,,0.9679377830240642,-0.2511900638848193
246,2023,107,,,,,,,52.0,3705.0,0.16,0.15,0.55,0.7000000000000001,0.09,0.9634705485641488,-0.2678143051621742
247,2023,108,0.12,4.14,0.2,0.17,2.02,1.29,74.0,3170.0,0.17,0.15,0.55,0.7000000000000001,0.09,0.9587178169872964,-0.2843591872810034
248,2023,109,0.11,12.2,0.13,0.19,2.12,1.24,56.0,3728.0,0.16,0.11,0.59,0.7,0.09,0.9536809966304456,-0.3008198076356673
249,2023,111,0.12,16.3,0.14,0.17,2.16,1.28,68.0,3699.0,0.15,0.12,0.58,0.7,0.09,0.9427611433904208,-0.3334687789181868
250,2023,112,0.12,15.9,0.14,0.18,2.12,1.24,,3675.0,1.5,0.18,0.52,0.7,0.09,0.9368813462954316,-0.3496474552512284
251,2023,113,0.12,17.4,0.13,0.17,2.24,1.32,40.0,4892.0,0.15,0.11,0.59,0.7,0.08,0.9307239310379796,-0.3657225234972689
252,2023,114,0.13,5.08,0.16,0.19,2.26,1.36,,5015.0,0.15,0.12,0.68,0.8,0.08,0.9242907221930932,-0.3816892202666588
253,2023,115,0.11,3.84,0.12,0.18,2.21,1.33,72.0,3769.0,0.16,0.13,0.67,0.8,0.08,0.9175836260593936,-0.3975428142825559
254,2023,116,,,,,,,65.0,,0.15,0.17,0.63,0.8,0.09,0.9106046300942162,-0.4132786077829042
255,2023,117,0.1,4.1,0.15,0.17,2.2,1.4,126.0,5001.0,0.15,0.11,0.69,0.7999999999999999,0.09,0.9033558023246844,-0.4288919379124835
256,2023,118,0.1,3.09,0.1,0.17,2.18,1.37,,4967.0,0.15,0.11,0.69,0.7999999999999999,0.09,0.895839290734909,-0.4443781781046132
257,2023,119,0.12,7.89,0.1,0.18,2.17,1.38,,3236.0,0.15,0.15,0.65,0.8,0.09,0.8880573226294932,-0.4597327394521039
258,2023,121,0.1,4.15,0.13,0.21,2.16,1.36,88.0,4796.5,0.15,0.115,0.585,0.7,0.09,0.8717063187093218,-0.4900286664290592
259,2023,122,0.1,5.44,0.14,0.18,2.42,1.41,,3668.0,0.16,0.1699999999999999,0.62,0.8,0.09,0.8631421280499114,-0.5049610547215204
260,2023,123,0.125,6.46,0.1,0.19,2.34,1.45,104.0,3497.0,0.155,0.13,0.595,0.7250000000000001,0.095,0.854322169749827,-0.5197438121555155
261,2023,124,0.1,3.73,0.18,0.19,2.28,1.2,,1532.0,0.21,0.19,0.61,0.8,0.09,0.8452490573530633,-0.5343725582809786
262,2023,125,0.1,3.73,0.18,0.19,2.28,1.2,71.0,3780.0,0.16,0.16,0.64,0.8,0.09,0.8359254794186372,-0.548842958284719
263,2023,126,0.15,4.55,0.11,0.18,2.3,1.29,96.0,3359.0,0.16,0.13,0.67,0.8,0.09,0.8263541987239096,-0.5631507242749186
264,2023,127,0.1,4.98,0.1,0.19,2.42,1.37,,4745.0,0.16,0.18,0.62,0.8,0.08,0.8165380514459161,-0.5772916165517272
265,2023,128,0.1,4.67,0.1,0.19,2.56,1.4,,4919.0,0.15,0.11,0.69,0.7999999999999999,0.09,0.8064799463209448,-0.5912614448635781
266,2023,129,0.08,13.8,0.12,0.2,2.6,1.44,92.0,4889.0,0.15,0.17,0.43,0.6,0.09,0.7961828637826158,-0.6050560696488488
267,2023,131,0.06,12.1,0.16,0.18,2.57,1.46,,4933.0,0.15,0.18,0.42,0.6,0.09,0.7748840413670407,-0.6321034111873487
268,2023,132,0.07,12.1,0.16,0.17,2.36,1.44,,4629.0,0.15,0.17,0.43,0.6,0.1,0.7638886127905428,-0.6453481132295501
269,2023,133,0.09,11.8,0.18,0.2,2.4,1.48,,2948.0,0.17,0.13,0.47,0.6,0.1,0.7526668275320085,-0.6584015846980488
270,2023,134,0.13,5.25,0.12,0.21,2.54,1.45,,3509.0,0.16,0.18,0.42,0.6,0.1,0.7412220108485958,-0.6712599575675313
271,2023,135,0.1,5.11,0.1,0.19,2.48,1.36,124.0,4801.0,0.15,0.19,0.41,0.6,0.11,0.7295575540864875,-0.6839194216246106
272,2023,136,0.11,4.32,0.09,0.2,2.44,1.31,138.0,4967.0,0.15,0.11,0.49,0.6,0.12,0.717676913675962,-0.6963762255968722
273,2023,137,0.16,6.56,0.18,0.2,2.4,1.28,110.0,4851.0,0.15,0.17,0.43,0.6,0.12,0.705583610107178,-0.7086266782644596
274,2023,138,0.23,17.08,0.17,0.21,2.36,1.35,,1997.0,0.17,0.16,0.44,0.6,0.13,0.6932812268869777,-0.7206671495538609
275,2023,139,0.18,11.1,0.13,0.19,2.44,1.44,90.0,3756.0,0.17,0.19,0.41,0.6,0.12,0.6807734094770161,-0.7324940716135789
276,2023,141,0.1,14.6,0.15,0.17,2.36,1.36,,4912.0,0.16,0.18,0.42,0.6,0.11,0.6551563572090853,-0.7554933140726803
277,2023,142,0.08,10.6,0.21,0.19,2.4,1.48,155.0,4950.0,0.15,0.15,0.45,0.6,0.1,0.6420547132365637,-0.766658819300159
278,2023,143,0.11,9.04,0.2,0.17,2.44,1.44,160.0,4872.0,0.15,0.16,0.44,0.6,0.1,0.6287628145958344,-0.7775971469736269
279,2023,144,0.07,10.8,0.18,0.2,2.4,1.36,,4863.0,0.15,0.2,0.4,0.6000000000000001,0.1,0.6152845999633276,-0.7883050558305255
280,2023,145,0.06,5.3,0.14,0.21,2.24,1.44,,4981.0,0.15,0.18,0.42,0.6,0.1,0.6016240632249226,-0.7987793728863649
281,2023,146,,,,,,,,,,0.15,,,,0.5877852522924732,-0.8090169943749473
282,2023,147,,,,,,,,,,0.19,,,,0.5737722679043246,-0.8190148866680801
283,2023,148,,,,,,,,,,0.17,,,,0.5595892624101765,-0.8287700871745038
284,2023,149,0.16,5.85,0.14,0.21,2.24,1.44,102.0,3925.0,0.16,0.14,0.51,0.65,0.09,0.545240438540651,-0.8382797052177744
285,2023,151,0.13,9.49,0.12,0.18,2.32,1.44,140.0,3821.0,0.15,0.15,0.45,0.6,0.1,0.5160623910158528,-0.8565509959010036
286,2023,152,0.175,8.19,0.11,0.2,2.34,1.46,,4423.0,0.15,0.16,0.4649999999999999,0.625,0.11,0.5012418134457758,-0.865307254363206
287,2023,153,0.1,7.15,0.095,0.21,2.335,1.475,149.0,4378.0,0.14,0.15,0.575,0.7250000000000001,0.11,0.4862727071086899,-0.8738071036110808
288,2023,154,0.13,6.05,0.1,0.22,2.46,1.45,,5011.0,0.14,0.155,0.48,0.65,0.1,0.4711595076738638,-0.8820480249558537
289,2023,155,0.12,5.3,0.1,0.2,2.36,1.4,,3845.0,0.15,0.13,0.52,0.65,0.11,0.4559066935084588,-0.8900275764346767
290,2023,156,0.1,3.9,0.09,0.21,2.4,1.4,98.0,4959.0,0.14,0.17,0.48,0.65,0.11,0.440518784350495,-0.8977433935342337
291,2023,157,0.12,2.9,0.1,0.21,2.3,1.42,130.0,3837.0,0.16,0.13,0.52,0.65,0.11,0.4250003399695541,-0.9051931898913974
292,2023,158,0.15,5.34,0.2,0.18,2.32,1.36,,5008.0,0.14,0.14,0.51,0.65,0.14,0.4093559588156213,-0.9123747579707272
293,2023,159,0.12,4.87,0.12,0.22,2.32,1.44,118.0,4827.0,0.16,0.2,0.45,0.65,0.12,0.3935902766564667,-0.9192859697186104
294,2023,160,0.15,4.23,0.11,0.2,2.36,1.48,110.0,4981.0,0.15,0.14,0.51,0.65,0.12,0.3777079652039649,-0.9259247771938498
295,2023,162,0.09,6.56,0.16,0.2,2.28,1.41,,4926.0,0.15,0.19,0.46,0.65,0.12,0.3456123126707335,-0.938377391740864
296,2023,163,0.16,8.53,0.17,0.21,2.3,1.44,120.0,3927.0,0.15,0.13,0.52,0.65,0.12,0.3294084822245304,-0.9441875088341992
297,2023,164,0.14,7.13,0.14,0.22,2.44,1.52,,3631.0,0.16,0.17,0.53,0.7000000000000001,0.12,0.3131070409358269,-0.9497178427914316
298,2023,165,0.18,13.9,0.09,0.2,2.52,1.56,,5065.0,0.15,0.15,0.55,0.7000000000000001,0.12,0.2967128192734907,-0.9549667548552552
299,2023,166,0.14,7.13,0.14,0.22,2.44,1.52,140.0,4956.0,0.14,0.15,0.55,0.7000000000000001,0.13,0.2802306751992158,-0.9599326896597448
300,2023,167,0.14,10.4,0.08,0.2,2.52,1.58,150.0,4936.0,0.15,0.17,0.53,0.7000000000000001,0.14,0.263665492728007,-0.9646141756912436
301,2023,168,,,,,,,,,,0.11,,,,0.2470221804809355,-0.9690098257244062
302,2023,169,0.15,12.2,0.09,0.2,2.48,1.54,,4959.0,0.15,0.11,0.59,0.7,0.13,0.2303056702306122,-0.973118337233262
303,2023,170,0.1,17.3,0.08,0.21,2.4,1.52,140.0,3687.0,0.16,0.13,0.57,0.7,0.13,0.2135209154397961,-0.9769384927771816
304,2023,172,0.12,6.25,0.1,0.2,2.4,1.52,660.0,4973.0,0.18,0.14,0.66,0.8,0.13,0.1797665857255624,-0.9837092937736096
305,2023,173,0.1,8.11,0.07,0.22,2.44,1.52,,3733.0,0.18,0.13,0.67,0.8,0.13,0.1628070129385171,-0.986657932891657
306,2023,174,0.1,12.3,0.08,0.22,2.46,1.56,,5047.0,0.16,0.12,0.68,0.8,0.13,0.1457991969198751,-0.9893142039703664
307,2023,175,0.1,9.66,0.1,0.2,2.44,1.6,,4910.0,0.15,0.15,0.65,0.8,0.14,0.1287481774525813,-0.99167731989929
308,2023,176,0.1,3.58,0.09,0.22,2.4,1.52,,5045.0,0.15,0.16,0.64,0.8,0.14,0.1116590071216951,-0.993746580436178
309,2023,177,0.14,6.15,0.11,0.21,2.48,1.56,,3661.0,0.15,0.14,0.66,0.8,0.13,0.0945367498171991,-0.9955213724144752
310,2023,178,0.14,4.51,0.2,0.22,2.4,1.52,620.0,2964.0,0.15,0.15,0.65,0.8,0.14,0.077386479233463,-0.9970011699250152
311,2023,179,0.14,5.62,0.18,0.24,2.32,1.48,,3796.0,0.17,0.2,0.6,0.8,0.14,0.060213277365793,-0.9981855344718586
312,2023,180,0.12,7.71,0.11,0.23,2.44,1.54,,3706.0,0.17,0.15,0.7,0.85,0.14,0.0430222330045305,-0.99907411510223
313,2023,182,0.11,10.2,0.1,0.22,2.48,1.48,760.0,,,0.13,,,,0.0086069968886886,-0.9999629591162656
314,2023,183,0.12,5.68,0.105,0.23,2.44,1.56,810.0,,,0.14,,,,-0.008606996888688,-0.9999629591162656
315,2023,184,0.125,7.58,0.095,0.235,2.5,1.52,,,,0.18,,,,-0.0258184402271323,-0.9996666485105112
316,2023,185,0.11,2.93,0.09,0.21,2.4,1.44,720.0,,,0.17,,,,-0.0430222330045303,-0.99907411510223
317,2023,186,,,,,,,,,,0.15,,,,-0.0602132773657927,-0.9981855344718586
318,2023,187,0.13,10.5,0.1,0.21,2.52,1.5,700.0,,,0.17,,,,-0.0773864792334632,-0.9970011699250152
319,2023,188,,,,,,,450.0,,,0.13,,,,-0.0945367498171993,-0.9955213724144752
320,2023,189,0.15,9.96,0.14,0.23,2.44,1.46,,,,0.16,,,,-0.1116590071216944,-0.993746580436178
321,2023,190,0.1,13.9,0.09,0.23,2.47,1.58,,,,0.14,,,,-0.1287481774525806,-0.99167731989929
322,2023,192,0.12,7.95,0.13,0.24,2.52,1.52,,,,0.15,,,,-0.1628070129385164,-0.9866579328916572
323,2023,193,0.09,3.54,0.15,0.23,2.56,1.6,820.0,,,0.12,,,,-0.1797665857255621,-0.9837092937736098
324,2023,194,0.13,8.03,0.15,0.23,2.34,1.44,880.0,,,0.15,,,,-0.1966728897935762,-0.980469160361632
325,2023,195,0.1,13.2,0.1,0.24,2.44,1.36,,,,0.11,,,,-0.2135209154397959,-0.9769384927771816
326,2023,196,0.05,11.1,0.14,0.18,2.48,1.38,,,,0.19,,,,-0.2303056702306119,-0.973118337233262
327,2023,197,,,,,,,,,,0.12,,,,-0.2470221804809352,-0.9690098257244064
328,2023,198,0.13,5.54,0.14,0.22,2.42,1.37,860.0,,,0.15,,,,-0.2636654927280072,-0.9646141756912436
329,2023,199,0.12,5.49,0.15,0.23,2.4,1.48,,,,0.12,,,,-0.2802306751992161,-0.9599326896597444
330,2023,200,0.1,4.87,0.14,0.22,2.52,1.48,,,,0.14,,,,-0.2967128192734901,-0.9549667548552552
331,2023,202,0.11,4.1,0.14,0.22,2.36,1.48,680.0,,,0.13,,,,-0.3294084822245302,-0.9441875088341994
332,2023,203,0.12,27.1,0.14,0.21,2.48,1.48,,,,0.16,,,,-0.3456123126707333,-0.9383773917408642
333,2023,204,0.11,12.3,0.08,0.22,2.42,1.41,,,,0.16,,,,-0.3617137307297674,-0.9322892131745134
334,2023,205,0.16,13.4,0.13,0.21,2.5,1.44,,,,0.12,,,,-0.3777079652039646,-0.92592477719385
335,2023,206,0.11,5.12,0.1,0.24,2.48,1.46,,,,0.2,,,,-0.3935902766564664,-0.9192859697186104
336,2023,207,,,,,,,850.0,,,0.15,,,,-0.4093559588156211,-0.9123747579707274
337,2023,208,0.09,4.1,0.14,0.23,2.36,1.48,530.0,,,0.15,,,,-0.4250003399695539,-0.9051931898913976
338,2023,209,0.1,13.1,0.1,0.24,2.64,1.56,660.0,,,0.17,,,,-0.4405187843504952,-0.8977433935342336
339,2023,210,0.15,7.45,0.09,0.24,2.52,1.52,,,,0.11,,,,-0.455906693508459,-0.8900275764346766
340,2023,212,0.17,9.1,0.13,0.23,2.58,1.57,820.0,,,0.16,,,,-0.4862727071086902,-0.8738071036110807
341,2023,213,0.13,12.6,0.095,0.235,2.68,1.56,550.0,,,0.14,,,,-0.5012418134457756,-0.8653072543632061
342,2023,214,0.105,13.5,0.1,0.235,2.76,1.52,880.0,,,0.17,,,,-0.5160623910158526,-0.8565509959010037
343,2023,215,0.1699999999999999,12.065,0.105,0.23,2.74,1.58,830.0,,,0.14,,,,-0.5307300481619331,-0.8475409228928312
344,2023,216,0.1,5.25,0.13,0.22,2.52,1.52,,,,0.12,,,,-0.5452404385406507,-0.8382797052177745
345,2023,217,0.08,6.05,0.15,0.24,2.48,1.56,,,,0.19,,,,-0.5595892624101763,-0.828770087174504
346,2023,218,,,,,,,,,,0.14,,,,-0.5737722679043243,-0.8190148866680802
347,2023,219,,,,,,,,,,0.14,,,,-0.5877852522924734,-0.8090169943749472
348,2023,220,0.12,7.25,0.12,0.21,2.88,1.44,,,,0.18,,,,-0.6016240632249227,-0.7987793728863648
349,2023,221,,,,,,,570.0,,,0.16,,,,-0.6152845999633277,-0.7883050558305253
350,2023,223,0.11,14.6,0.11,0.21,2.64,1.5,760.0,,,0.14,,,,-0.6420547132365636,-0.7666588193001592
351,2023,224,0.12,14.5,0.31,0.2,2.8,1.6,,,,0.16,,,,-0.655156357209085,-0.7554933140726804
352,2023,225,0.14,12.9,0.13,0.18,2.68,1.56,,,,0.1,,,,-0.6680638642135333,-0.7441039398713608
353,2023,226,,,,,,,560.0,,,0.17,,,,-0.6807734094770159,-0.7324940716135792
354,2023,227,,,,,,,,,,0.18,,,,-0.6932812268869771,-0.7206671495538615
355,2023,228,0.18,14.6,0.1,0.21,3.08,1.52,850.0,,,0.2,,,,-0.7055836101071774,-0.70862667826446
356,2023,229,0.24,7.35,0.09,0.22,3.07,1.53,900.0,,,0.18,,,,-0.7176769136759615,-0.6963762255968726
357,2023,230,0.13,5.37,0.09,0.22,2.96,1.52,830.0,,,0.15,,,,-0.7295575540864876,-0.6839194216246105
358,2023,231,0.11,11.7,0.13,0.25,3.04,1.6,,,,0.12,,,,-0.7412220108485957,-0.6712599575675315
359,2023,233,0.2,17.4,0.14,0.24,3.04,1.64,890.0,,,0.11,,,,-0.7638886127905429,-0.64534811322955
360,2023,234,0.1,8.6,0.16,0.23,3.28,1.48,,,,0.17,,,,-0.7748840413670406,-0.6321034111873488
361,2023,235,0.09,7.75,0.12,0.24,3.2,1.48,,,,0.2,,,,-0.7856498550787144,-0.6186714032625032
362,2023,236,0.12,14.2,0.13,0.24,3.2,1.48,,,,0.17,,,,-0.7961828637826154,-0.6050560696488494
363,2023,237,0.15,16.9,0.13,0.23,3.08,1.44,,,,0.17,,,,-0.8064799463209447,-0.5912614448635782
364,2023,238,,,,,,,,,,0.14,,,,-0.8165380514459157,-0.5772916165517278
365,2023,239,0.06,18.7,0.16,0.26,3.0,1.48,,,,0.14,,,,-0.8263541987239094,-0.5631507242749187
366,2023,240,0.1,16.3,0.22,0.22,3.8,1.62,450.0,,,0.16,,,,-0.8359254794186365,-0.5488429582847199
367,2023,241,0.2,12.4,0.13,0.24,3.04,1.56,,,,0.16,,,,-0.8452490573530634,-0.5343725582809785
368,2023,243,0.16,20.7,0.1,0.28,3.15,1.7,780.0,,,0.19,,,,-0.8631421280499115,-0.5049610547215202
369,2023,244,0.155,14.1,0.1149999999999999,0.24,3.375,1.69,650.0,,,0.1699999999999999,,,,-0.8717063187093217,-0.4900286664290594
370,2023,245,0.16,17.3,0.135,0.21,3.3200000000000003,1.69,690.0,,,0.135,,,,-0.8800122039735356,-0.4749510720670502
371,2023,246,0.12,19.2,0.13,0.25,3.04,1.84,,,,0.18,,,,-0.888057322629493,-0.4597327394521046
372,2023,247,0.13,18.5,0.12,0.21,3.36,1.76,640.0,,,0.19,,,,-0.8958392907349089,-0.4443781781046134
373,2023,248,0.1,8.32,0.14,0.19,3.8,1.92,,,,0.16,,,,-0.9033558023246842,-0.4288919379124841
374,2023,249,0.08,11.9,0.15,0.21,3.68,1.84,800.0,,,0.12,,,,-0.9106046300942162,-0.4132786077829044
375,2023,250,0.19,11.8,0.11,0.2,3.65,1.72,820.0,,,0.18,,,,-0.9175836260593934,-0.3975428142825566
376,2023,251,0.1,11.6,0.14,0.21,3.72,1.8,820.0,,,0.2,,,,-0.9242907221930934,-0.3816892202666586
377,2023,252,0.08,11.3,0.12,0.2,3.59,1.69,,,,0.13,,,,-0.9307239310379792,-0.3657225234972692
378,2023,254,0.2,8.11,0.12,0.21,3.6,1.72,800.0,,,0.18,,,,-0.9427611433904206,-0.333468778918187
379,2023,255,0.14,7.82,0.16,0.21,3.52,1.68,,,,0.13,,,,-0.9483615800121716,-0.3171912885891059
380,2023,256,0.09,14.7,0.14,0.22,3.4,1.64,,,,0.11,,,,-0.9536809966304456,-0.300819807635668
381,2023,257,0.07,18.6,0.16,0.21,3.17,1.71,,,,0.16,,,,-0.9587178169872964,-0.2843591872810036
382,2023,258,,,,,,,,,,0.2,,,,-0.9634705485641486,-0.2678143051621748
383,2023,259,,,,,,,,,,0.13,,,,-0.9679377830240642,-0.2511900638848195
384,2023,260,0.12,23.8,0.12,0.26,3.36,1.64,,,,0.18,,,,-0.9721181966290612,-0.2344913895704105
385,2023,261,0.1,10.7,0.16,0.23,3.2,1.76,700.0,,,0.13,,,,-0.9760105506323682,-0.2177232303965322
386,2023,262,0.18,10.3,0.11,0.21,3.96,1.76,820.0,,,0.17,,,,-0.97961369164549,-0.2008905551306352
387,2023,264,0.12,16.4,0.15,0.19,3.64,1.66,650.0,,,0.17,,,,-0.9859481499638304,-0.1670516255021195
388,2023,265,0.16,21.6,0.11,0.22,3.44,1.6,,,,0.11,,,,-0.9886775902323404,-0.1500553983446526
389,2023,266,0.11,13.8,0.12,0.2,3.6,1.72,,,,0.19,,,,-0.9911140639934546,-0.1330147065341963
390,2023,267,0.14,18.9,0.13,0.2,3.36,1.64,,,,0.15,,,,-0.9932568492674144,-0.1159345995955006
391,2023,268,0.1,12.6,0.11,0.18,3.36,1.68,670.0,,,0.14,,,,-0.9951053111006974,-0.0988201387328721
392,2023,269,0.09,13.2,0.16,0.2,3.2,1.6,,,,0.14,,,,-0.99665890175417,-0.0816763953304228
393,2023,270,0.08,13.4,0.13,0.2,3.22,1.58,550.0,,,0.18,,,,-0.9979171608653922,-0.0645084494493162
394,2023,271,0.14,19.1,0.11,0.19,3.88,1.62,,,,0.18,,,,-0.9988797155850336,-0.0473213883224323
395,2023,272,0.12,12.5,0.13,0.2,3.6,1.62,,,,0.15,,,,-0.9995462806873572,-0.0301203048469083
396,2023,274,0.115,15.1,0.125,0.18,3.8,1.63,600.0,4961.5,0.15,0.135,0.69,0.825,0.0849999999999999,-0.99999073973619,0.0043035382962438
397,2023,275,0.11,15.1,0.125,0.185,4.140000000000001,1.65,580.0,5000.5,0.15,0.155,0.72,0.875,0.08,-0.9997685019798908,0.0215160974362222
398,2023,276,0.14,13.35,0.125,0.175,3.58,1.56,550.0,4995.5,0.15,0.12,0.73,0.85,0.08,-0.9992500112396836,0.0387222808921739
399,2023,277,0.11,13.3,0.14,0.19,3.68,1.68,,4985.0,0.15,0.14,0.71,0.85,0.09,-0.9984354211555644,0.055916990100603
400,2023,278,0.11,11.69,0.13,0.18,3.36,1.52,,4951.0,0.15,0.16,0.64,0.8,0.1,-0.9973249731081556,0.0730951298980777
401,2023,279,0.17,16.2,0.19,0.23,3.72,1.5,,4806.0,0.15,0.17,0.63,0.8,0.09,-0.9959189961471792,0.0902516100310407
402,2023,280,0.12,16.5,0.09,0.2,3.68,1.48,610.0,5008.0,0.16,0.16,0.64,0.8,0.09,-0.994217906893952,0.107381346664163
403,2023,281,0.17,13.7,0.11,0.19,3.28,1.52,740.0,4942.0,0.15,0.16,0.64,0.8,0.09,-0.9922222094179324,0.1244792638867886
404,2023,282,0.14,16.5,0.16,0.21,3.88,1.6,,3787.0,0.18,0.16,0.64,0.8,0.09,-0.989932495087353,0.141540295217043
405,2023,284,0.09,13.5,0.09,0.18,3.32,1.72,660.0,3428.0,0.15,0.18,0.62,0.8,0.08,-0.9844738167520924,0.1755314904214277
406,2023,285,0.15,19.2,0.11,0.19,4.39,1.7,,4969.0,0.15,0.18,0.72,0.8999999999999999,0.08,-0.9813064702716092,0.1924515819708299
407,2023,286,0.2,24.6,0.12,0.2,4.04,1.68,650.0,4807.0,0.15,0.12,0.78,0.9,0.08,-0.9778483415056568,0.2093146459630488
408,2023,287,,,,,,,,,,0.13,,,,-0.9741004551724206,0.226115685508288
409,2023,288,0.11,23.2,0.12,0.19,4.32,1.76,,4926.0,0.15,0.15,0.65,0.8,0.08,-0.970063921851507,0.2428497220959358
410,2023,289,,,,,,,720.0,4835.0,0.15,0.11,0.69,0.7999999999999999,0.08,-0.965739937654855,0.2595117970697994
411,2023,290,0.08,9.09,0.18,0.19,4.56,1.56,350.0,4951.0,0.15,0.15,0.75,0.9,0.08,-0.9611297838723007,0.2760969730974688
412,2023,291,0.18,10.6,0.2,0.2,4.68,1.68,700.0,4998.0,0.15,0.18,0.72,0.8999999999999999,0.08,-0.9562348265919058,0.2926003356333479
413,2023,292,0.18,13.3,0.13,0.18,4.64,1.72,690.0,4927.0,0.15,0.11,0.79,0.9,0.07,-0.9510565162951536,0.3090169943749472
414,2023,294,0.15,18.6,0.18,0.19,4.38,1.79,,4865.0,0.15,0.12,0.83,0.95,0.07,-0.9398560579418952,0.341570769167856
415,2023,295,0.08,18.0,0.14,0.2,3.6,1.76,,3827.0,0.17,0.12,0.68,0.8,0.07,-0.9338372288229252,0.3576982388331254
416,2023,296,0.09,13.5,0.09,0.18,3.32,1.72,510.0,5010.0,0.15,0.14,0.66,0.8,0.06,-0.9275416835791964,0.3737197147904692
417,2023,297,0.07,11.9,0.16,0.18,3.36,1.76,655.0,4941.0,0.16,0.15,0.65,0.8,0.07,-0.9209712877166348,0.3896304495307877
418,2023,298,0.1,10.6,0.15,0.16,3.3,1.73,570.0,4958.0,0.15,0.19,0.61,0.8,0.07,-0.9141279881853336,0.4054257283599973
419,2023,299,0.1,11.8,0.17,0.19,3.44,1.72,550.0,4822.0,0.15,0.19,0.61,0.8,0.07,-0.9070138128026362,0.4211008707960891
420,2023,300,0.11,13.4,0.14,0.16,3.4,1.68,,4949.0,0.15,0.16,0.64,0.8,,-0.8996308696522434,0.4366512319560638
421,2023,301,0.11,15.5,0.12,0.18,3.4,1.8,,4856.0,0.15,0.1,0.75,0.85,0.08,-0.8919813464595487,0.4520722039323037
422,2023,302,,,,,,,,,,0.19,,,,-0.8840675099433637,0.467359217158002
423,2023,304,0.12,8.05,0.15,0.18,3.6,1.36,680.0,3345.0,0.19,0.13,0.72,0.85,0.07,-0.8674563547295971,0.4975132889071803
424,2023,305,0.15,21.025,0.145,0.175,3.6,1.6,485.0,4244.5,0.1649999999999999,0.135,0.64,0.775,0.06,-0.858763958275803,0.5123714121284235
425,2023,306,0.165,7.715,0.12,0.17,3.29,1.68,400.0,4180.5,0.18,0.17,0.5549999999999999,0.7250000000000001,0.055,-0.8498170915275277,0.5270777086423724
426,2023,307,0.175,11.345,0.14,0.15,3.28,1.72,570.0,3637.5,0.18,0.155,0.595,0.75,0.055,-0.8406184056344783,0.5416278206559811
427,2023,308,,,,,,,,,,0.11,,,,-0.8311706263658079,0.5560174366570446
428,2023,309,0.2,23.5,0.11,0.15,3.52,1.68,,3541.0,0.19,0.12,0.73,0.85,0.07,-0.8214765533024145,0.5702422926917867
429,2023,310,0.18,16.1,0.11,0.16,3.24,1.63,520.0,3633.0,0.19,0.16,0.69,0.85,0.07,-0.8115390590073611,0.5842981736283683
430,2023,311,0.17,16.3,0.11,0.18,3.76,1.67,480.0,2192.0,0.23,0.15,0.6,0.75,0.06,-0.801361088174677,0.5981809144059158
431,2023,312,0.18,19.7,0.13,0.19,3.6,1.68,,3492.0,0.2,0.18,0.52,0.7,0.06,-0.7909456567567774,0.6118864012687242
432,2023,313,0.17,19.2,0.14,0.16,3.57,1.66,400.0,2140.0,0.2,0.2,0.5,0.7,0.05,-0.780295851070776,0.6254105729852457
433,2023,315,0.23,24.0,0.13,0.16,3.5,1.72,,3573.0,0.18,0.17,0.48,0.65,0.05,-0.7583058084785625,0.6518989958787125
434,2023,316,0.12,28.7,0.17,0.17,3.36,1.72,,3617.0,0.15,0.1,0.55,0.65,0.04,-0.7469720876965551,0.6648553979642866
435,2023,317,0.14,21.8,0.17,0.15,3.52,1.92,,2992.0,0.18,0.11,0.49,0.6,0.04,-0.7354170229639858,0.6776147890466887
436,2023,318,0.15,10.2,0.16,0.16,3.2,1.68,,3615.0,0.17,0.2,0.4,0.6000000000000001,0.09,-0.7236440382959124,0.690173388242972
437,2023,319,0.12,16.3,0.16,0.16,3.28,1.72,,3533.0,0.17,0.11,0.49,0.6,0.04,-0.711656622281775,0.7025274741691566
438,2023,320,0.19,14.7,0.16,0.16,3.36,1.64,280.0,4735.0,0.16,0.12,0.48,0.6,0.04,-0.6994583270516471,0.7146733860429608
439,2023,321,0.19,13.9,0.14,0.15,3.32,1.8,320.0,3638.0,0.19,0.11,0.49,0.6,0.04,-0.6870527672236675,0.7266075247685652
440,2023,322,0.19,16.8,0.15,0.17,3.52,1.84,,3681.0,0.25,0.16,0.39,0.55,0.04,-0.6744436188329457,0.7383263540031063
441,2023,323,0.15,9.07,0.15,0.16,3.44,1.92,,3677.0,0.19,0.16,0.39,0.55,0.04,-0.661634618242279,0.749826401204568
442,2023,325,0.18,9.37,0.17,0.18,3.18,1.65,,3596.0,0.2,0.17,0.63,0.8,0.04,-0.6354323008901775,0.7721565844991641
443,2023,326,0.12,7.79,0.11,0.17,3.24,1.76,,3016.0,0.23,0.18,0.72,0.8999999999999999,0.05,-0.622046748440868,0.7829801036770624
444,2023,332,0.11,5.15,0.11,0.17,2.96,1.68,,4767.0,0.21,0.13,0.77,0.9,0.04,-0.5380051715382992,0.8429415373547832
445,2023,333,0.13,10.1,0.11,0.14,2.92,1.56,,3711.0,0.18,0.15,0.55,0.7000000000000001,0.06,-0.5234156073655503,0.8520775211013093
446,2023,335,0.12,7.145,0.1699999999999999,0.155,2.695,1.66,320.0,3650.5,0.165,0.145,0.355,0.5,0.03,-0.4937755501599773,0.8695893893466109
447,2023,336,0.13,5.275,0.14,0.155,2.54,1.69,245.0,4144.0,0.155,0.125,0.325,0.4499999999999999,0.03,-0.4787338401157883,0.8779600847008883
448,2023,337,0.2,7.6,0.14,0.16,2.68,1.76,,3535.0,0.17,0.14,0.4,0.55,0.03,-0.4635502709028512,0.8860706215341378
449,2023,338,0.17,6.26,0.13,0.17,2.88,1.8,210.0,3129.0,0.17,0.17,,,0.03,-0.4482293417404106,0.893918596519257
450,2023,339,0.1,3.38,0.15,0.17,2.92,1.84,400.0,3639.0,0.17,0.12,0.43,0.55,0.03,-0.4327755925504317,0.9015016841318838
451,2023,340,0.2,4.56,0.16,0.13,2.68,1.68,360.0,3676.0,0.19,0.19,0.31,0.5,0.03,-0.4171936026123169,0.9088176373395028
452,2023,341,0.1,4.3,0.16,0.14,2.8,1.64,340.0,3230.0,0.16,0.13,0.22,0.35,0.03,-0.4014879892059737,0.9158642882672868
453,2023,342,0.13,3.2,0.15,0.13,2.72,1.6,280.0,3638.0,0.14,0.11,0.24,0.35,0.03,-0.3856634062436074,0.9226395488404876
454,2023,343,0.06,3.8,0.18,0.14,2.56,1.52,,3195.0,0.16,0.12,0.23,0.35,0.03,-0.3697245428906732,0.9291414114031744
455,2023,345,0.16,13.3,0.17,0.12,2.72,1.52,300.0,3715.0,0.15,0.17,0.13,0.3,0.03,-0.3375228995941134,0.941317317512847
456,2023,346,0.08,11.6,0.14,0.14,2.76,1.48,240.0,3441.0,0.15,0.19,0.11,0.3,0.03,-0.3212696616923651,0.9469877530760752
457,2023,347,0.08,12.84,0.15,0.13,2.68,1.5,220.0,3832.0,0.16,0.17,0.13,0.3,0.03,-0.3049212246562894,0.9523775757303972
458,2023,348,0.09,11.5,0.15,0.15,2.75,1.62,,3862.0,0.15,0.17,0.13,0.3,0.03,-0.2884824328806098,0.9574851883550388
459,2023,349,0.11,7.12,0.13,0.13,2.64,1.6,200.0,3528.0,0.16,0.13,0.17,0.3,0.03,-0.2719581575341052,0.9623090774541488
460,2023,350,,,,,,,,,,0.13,,,,-0.2553532951161881,0.9668478136052772
461,2023,351,0.12,4.71,0.14,0.13,2.6,1.68,,2195.0,0.15,0.17,0.13,0.3,0.03,-0.2386727660059499,0.9711000518829505
462,2023,352,0.08,3.92,0.15,0.11,2.56,1.63,190.0,3854.0,0.15,0.13,0.17,0.3,0.03,-0.2219215130041667,0.9750645322571944
463,2023,353,0.12,3.72,0.16,0.12,2.48,1.6,220.0,3328.0,0.15,0.15,0.15,0.3,0.02,-0.2051044998686192,0.9787400799669153
464,2023,355,0.1,3.64,0.14,0.14,2.48,1.6,200.0,3376.0,0.15,0.18,0.12,0.3,0.03,-0.1712931441814778,0.9852201067560606
465,2023,356,0.07,3.03,0.13,3.03,2.4,1.52,210.0,3295.0,0.15,0.14,0.16,0.3,0.03,-0.154308820664281,0.9880226656636976
466,2023,357,0.1,3.46,0.16,0.13,2.48,1.6,,3269.0,0.14,0.12,0.18,0.3,0.03,-0.1372787721132651,0.9905324521322229
467,2023,358,0.06,3.18,0.11,0.12,2.57,1.45,,3818.0,0.14,0.11,0.19,0.3,0.03,-0.1202080448993527,0.9927487224577402
468,2023,359,0.06,2.98,0.11,0.14,2.35,1.67,160.0,3742.0,0.14,0.14,0.16,0.3,0.03,-0.1031016974474354,0.9946708199115212
469,2023,360,0.08,2.37,0.14,0.19,2.56,1.6,150.0,3802.0,0.13,0.19,0.11,0.3,0.03,-0.0859647987374467,0.9962981749346076
470,2023,361,0.06,2.59,0.18,0.16,2.4,1.52,138.0,3628.0,0.14,0.19,0.11,0.3,0.03,-0.0688024268023206,0.9976303053065856
471,2023,362,0.07,2.67,0.15,0.12,2.44,1.48,,3789.0,0.13,0.13,0.17,0.3,0.03,-0.0516196672232541,0.998666816288476
472,2023,363,0.06,2.28,0.12,0.12,2.28,1.76,136.0,3864.0,0.13,0.16,0.14,0.3,0.03,-0.0344216116227458,0.9994074007397048
473,2023,365,0.08,2.09,0.13,0.12,2.36,1.6,,3777.0,0.14,0.16,0.14,0.3,0.03,6.432490598706546e-16,1.0
474,2024,1,0.075,3.86,0.13,0.12,2.74,1.6,86.0,3562.5,0.15,0.145,0.205,0.35,0.03,0.0172133561558346,0.9998518392091162
475,2024,2,0.07,3.355,0.125,0.125,2.37,1.6,,2715.0,0.14,0.15,0.175,0.325,0.03,0.0344216116227457,0.9994074007397048
476,2024,3,0.075,2.8200000000000003,0.13,0.13,2.45,1.52,47.0,3580.0,0.13,0.17,0.155,0.325,0.045,0.0516196672232537,0.998666816288476
477,2024,4,0.09,2.76,0.16,0.14,2.4,1.6,,3775.0,0.14,0.11,0.19,0.3,0.03,0.0688024268023198,0.9976303053065856
478,2024,5,0.04,2.44,0.12,0.14,2.44,1.58,,3718.0,0.14,0.16,0.19,0.35,0.03,0.0859647987374464,0.9962981749346078
479,2024,6,,,,,,,,3472.0,0.14,0.11,0.24,0.35,0.03,0.1031016974474348,0.9946708199115212
480,2024,7,0.04,1.9,0.13,0.13,2.32,1.68,,2193.0,0.14,0.16,0.19,0.35,0.03,0.1202080448993527,0.9927487224577402
481,2024,8,0.06,2.02,0.13,0.14,2.32,1.6,120.0,2192.0,0.13,0.19,0.21,0.4,0.03,0.1372787721132647,0.9905324521322229
482,2024,9,0.1,5.74,0.16,0.12,3.17,1.65,,3561.0,0.16,0.11,0.29,0.3999999999999999,0.03,0.1543088206642811,0.9880226656636976
483,2024,11,,,,,,,94.0,3657.0,0.16,0.14,0.26,0.4,0.03,0.1882267098432442,0.9821256058680006
484,2024,12,0.09,3.5,0.14,0.16,3.09,1.62,60.0,1930.0,0.18,0.19,0.21,0.4,0.03,0.2051044998686192,0.9787400799669153
485,2024,13,0.09,4.89,0.15,0.13,2.98,1.63,,2231.0,0.19,0.17,0.23,0.4,0.03,0.2219215130041655,0.9750645322571948
486,2024,14,0.14,4.26,0.14,0.14,2.92,1.6,,3822.0,0.14,0.17,0.23,0.4,0.03,0.2386727660059501,0.9711000518829505
487,2024,15,,,,,,,86.0,2235.0,0.14,0.11,0.24,0.35,0.03,0.255353295116187,0.9668478136052776
488,2024,16,0.1,4.64,0.15,0.1,2.36,1.64,,,,0.16,,,,0.2719581575341055,0.9623090774541486
489,2024,17,0.08,4.67,0.17,0.12,2.4,1.6,72.0,2231.0,0.19,0.18,0.22,0.4,0.03,0.288482432880609,0.9574851883550392
490,2024,18,0.1,4.16,0.12,0.13,2.32,1.52,56.0,3822.0,0.14,0.15,0.25,0.4,0.03,0.304921224656289,0.9523775757303974
491,2024,19,0.06,4.26,0.13,0.12,2.34,1.56,60.0,3936.0,0.14,0.18,0.17,0.35,0.03,0.3212696616923644,0.9469877530760752
492,2024,21,0.08,7.65,0.1,0.12,2.4,1.52,,2226.0,0.14,0.1,0.25,0.35,0.03,0.3536761221763716,0.9353679493131484
493,2024,22,0.08,,,0.14,2.32,1.6,60.0,3459.0,0.13,0.2,0.15,0.35,0.03,0.3697245428906731,0.9291414114031744
494,2024,23,0.06,6.88,0.14,0.1,2.34,1.6,40.0,3448.0,0.13,0.14,0.21,0.35,0.03,0.385663406243607,0.9226395488404876
495,2024,24,0.09,7.25,0.15,0.14,2.32,1.68,,3892.0,0.14,0.13,0.22,0.35,0.03,0.401487989205973,0.9158642882672872
496,2024,25,0.1,6.5,0.14,0.1,2.4,1.56,,3436.0,0.14,0.13,0.22,0.35,0.03,0.4171936026123168,0.9088176373395028
497,2024,26,,,,,,,25.0,3979.0,0.13,0.12,0.23,0.35,0.03,0.4327755925504312,0.901501684131884
498,2024,27,,,,,,,,3655.0,0.13,0.12,0.23,0.35,0.03,0.4482293417404106,0.893918596519257
499,2024,28,0.08,1.1,0.12,0.1,2.4,1.6,,3966.0,0.14,0.19,0.16,0.35,0.03,0.4635502709028509,0.886070621534138
500,2024,29,0.1,1.29,0.13,0.11,2.32,1.52,,3966.0,0.14,0.19,0.16,0.35,0.03,0.4787338401157884,0.8779600847008882
501,2024,31,,,,,,,33.0,3392.0,0.14,0.13,0.22,0.35,0.05,0.5086709438521044,0.8609610158889943
502,2024,32,0.06,1.94,0.13,0.125,2.41,1.5550000000000002,30.0,1940.0,0.14,0.13,0.22,0.35,0.045,0.5234156073655503,0.8520775211013093
503,2024,33,0.05,1.84,0.16,0.1,2.6,1.52,36.0,3560.5,0.13,0.185,0.165,0.35,0.045,0.5380051715382996,0.8429415373547828
504,2024,34,0.02,1.33,0.25,0.16,2.52,1.58,,3921.0,0.13,0.12,0.23,0.35,,0.5524353131676196,0.8335557718385699
505,2024,35,0.08,2.77,0.14,0.12,2.56,1.52,40.0,3675.0,0.13,0.13,0.22,0.35,0.05,0.5667017562911176,0.8239230057575542
506,2024,36,0.1,3.22,0.18,0.11,2.52,1.6,46.0,3456.0,0.13,0.15,0.2,0.35,0.05,0.5808002734538009,0.8140460935082178
507,2024,37,0.06,4.32,0.17,0.11,2.48,1.62,,2256.0,0.14,0.11,0.24,0.35,0.05,0.5947266869607634,0.8039279618328213
508,2024,38,0.07,5.16,0.15,0.13,2.56,1.52,46.0,3522.0,0.13,0.13,0.22,0.35,0.04,0.6084768701151261,0.7935716089521474
509,2024,39,,,,,,,45.0,3812.0,0.13,0.18,0.17,0.35,0.04,0.6220467484408675,0.7829801036770629
510,2024,40,0.06,4.28,0.16,0.13,2.44,1.6,30.0,2247.0,0.14,0.2,0.15,0.35,0.04,0.6354323008901774,0.7721565844991642
511,2024,42,0.06,3.85,0.1,0.11,2.64,1.6,,2133.0,0.15,0.1,0.25,0.35,,0.6616346182422783,0.7498264012045686
512,2024,43,0.13,3.15,0.11,0.12,2.72,1.68,,2228.0,0.14,0.17,0.18,0.35,0.04,0.6744436188329455,0.7383263540031065
513,2024,44,0.08,3.75,0.14,0.1,2.4,1.56,,3453.0,0.14,0.19,0.16,0.35,0.04,0.6870527672236669,0.7266075247685656
514,2024,45,0.11,2.66,0.16,0.11,2.36,1.52,,1689.0,0.14,0.11,0.24,0.35,0.04,0.699458327051647,0.7146733860429609
515,2024,46,0.11,2.46,0.1,0.11,2.44,1.6,,2074.0,0.13,0.15,0.2,0.35,0.04,0.7116566222817746,0.7025274741691571
516,2024,47,0.1,2.18,0.15,0.13,2.6,1.62,,3805.0,0.14,0.11,0.24,0.35,0.04,0.7236440382959124,0.6901733882429719
517,2024,48,0.08,2.32,0.15,0.14,2.56,1.56,,3842.0,0.14,0.17,0.18,0.35,0.04,0.7354170229639855,0.6776147890466889
518,2024,49,0.08,2.42,0.14,0.13,2.24,1.6,,2067.0,0.14,0.13,0.22,0.35,0.04,0.7469720876965552,0.6648553979642865
519,2024,50,0.08,2.59,0.15,0.12,2.28,1.68,40.0,3779.0,0.14,0.16,0.19,0.35,0.04,0.7583058084785624,0.6518989958787126
520,2024,52,0.12,3.52,0.16,0.13,2.28,1.58,27.0,3762.0,0.13,0.14,0.21,0.35,0.04,0.7802958510707755,0.6254105729852463
521,2024,53,0.09,3.26,0.13,0.12,2.35,1.64,30.0,3790.0,0.14,0.15,0.2,0.35,0.03,0.7909456567567772,0.6118864012687243
522,2024,54,0.07,2.56,0.11,0.11,2.32,1.6,,3769.0,0.14,0.18,0.17,0.35,0.03,0.8013610881746766,0.5981809144059165
523,2024,55,0.12,2.85,0.13,0.12,2.36,1.68,,3755.0,0.13,0.12,0.23,0.35,0.03,0.8115390590073611,0.5842981736283684
524,2024,56,,,,,,,,3970.0,0.13,0.12,0.23,0.35,,0.8214765533024142,0.5702422926917871
525,2024,57,0.09,3.45,0.15,0.12,2.48,1.6,39.0,3746.0,0.14,0.18,0.17,0.35,0.04,0.8311706263658079,0.5560174366570446
526,2024,58,0.06,3.18,0.14,0.13,2.52,1.54,35.0,3716.0,0.4,0.1,0.25,0.35,0.03,0.8406184056344782,0.5416278206559814
527,2024,59,0.05,4.08,0.15,0.14,2.48,1.52,,3783.0,0.13,0.19,0.16,0.35,0.03,0.8498170915275278,0.5270777086423722
528,2024,61,0.05,10.3,0.2,0.13,2.56,1.52,,3805.0,0.135,0.18,0.17,0.35,0.035,0.8674563547295969,0.4975132889071806
529,2024,62,0.09,4.36,0.18,0.14,2.86,1.75,48.0,4302.0,0.13,0.165,0.185,0.35,0.04,0.8758917051442429,0.4825077417612184
530,2024,63,0.08,8.67,0.13,0.13,2.52,1.52,,3473.5,0.135,0.175,0.2,0.375,0.04,0.8840675099433636,0.4673592171580022
531,2024,64,0.09,2.24,0.13,0.13,2.56,1.44,,3698.0,0.13,0.14,0.21,0.35,0.03,0.8919813464595485,0.4520722039323043
532,2024,65,0.11,3.46,0.16,0.16,2.6,1.48,42.0,3613.0,0.14,0.16,0.19,0.35,0.04,0.8996308696522433,0.436651231956064
533,2024,66,,,,,,,38.0,3763.0,0.13,0.17,0.18,0.35,0.04,0.907013812802636,0.4211008707960896
534,2024,67,0.08,4.47,0.12,0.14,2.48,1.48,35.0,3638.0,0.14,0.12,0.23,0.35,0.04,0.9141279881853336,0.4054257283599973
535,2024,68,0.1,4.18,0.15,0.11,2.52,1.46,43.0,3759.0,0.13,0.12,0.23,0.35,0.03,0.9209712877166346,0.3896304495307879
536,2024,69,0.04,5.72,0.11,0.11,2.48,1.46,,3827.0,0.13,0.19,0.16,0.35,0.03,0.9275416835791966,0.373719714790469
537,2024,71,0.11,10.9,0.18,0.12,2.56,1.44,46.0,3691.0,0.13,0.13,0.22,0.35,0.04,0.9398560579418954,0.3415707691678556
538,2024,72,0.08,5.25,0.16,0.12,2.48,1.44,38.0,3712.0,0.13,0.12,0.23,0.35,0.04,0.9455963874271426,0.3253420847119801
539,2024,73,0.06,4.12,0.15,0.12,2.48,1.52,48.0,4871.0,0.12,0.2,0.15,0.35,0.04,0.9510565162951536,0.3090169943749474
540,2024,74,0.1,5.3,0.16,0.14,2.5,1.54,52.0,3741.0,0.13,0.15,0.2,0.35,0.04,0.9562348265919056,0.2926003356333483
541,2024,75,0.06,5.67,0.16,0.15,2.56,1.52,,3763.0,0.14,0.15,0.2,0.35,0.04,0.9611297838723007,0.2760969730974688
542,2024,76,0.09,7.32,0.15,0.13,2.52,1.54,,4852.0,0.13,0.11,0.24,0.35,0.05,0.9657399376548548,0.2595117970697999
543,2024,77,,,,,,,,3178.0,0.14,0.13,0.22,0.35,0.05,0.9700639218515072,0.2428497220959356
544,2024,78,0.1,5.36,0.14,0.13,2.56,1.48,56.0,4751.0,0.13,0.16,0.19,0.35,0.05,0.9741004551724204,0.2261156855082882
545,2024,79,0.08,4.75,0.16,0.15,2.6,1.52,,4871.0,0.13,0.15,0.2,0.35,0.05,0.9778483415056568,0.2093146459630484
546,2024,81,,,,,,,,4854.0,0.13,0.19,0.16,0.35,0.05,0.9844738167520922,0.1755314904214282
547,2024,82,0.12,5.22,0.17,0.12,2.64,1.68,,4871.0,0.13,0.2,0.15,0.35,0.05,0.9873494423939864,0.1585593851031347
548,2024,83,,,,,,,,3733.0,0.12,0.15,0.2,0.35,0.05,0.989932495087353,0.141540295217043
549,2024,84,,,,,,,,4888.0,0.13,0.12,0.23,0.35,0.05,0.9922222094179324,0.1244792638867891
550,2024,85,0.11,7.93,0.14,0.12,2.68,1.6,52.0,3241.0,0.14,0.19,0.16,0.35,0.05,0.994217906893952,0.107381346664163
551,2024,86,0.12,4.66,0.13,0.14,2.06,1.35,42.0,4817.0,0.13,0.14,0.26,0.4,0.05,0.995918996147179,0.0902516100310411
552,2024,87,0.13,5.28,0.15,0.13,2.24,1.52,56.0,3721.0,0.14,0.18,0.22,0.4,0.05,0.9973249731081556,0.0730951298980777
553,2024,88,0.11,3.71,0.16,0.14,2.16,1.44,57.0,3729.0,0.14,0.14,0.26,0.4,0.05,0.9984354211555644,0.0559169901006034
554,2024,89,0.1,4.08,0.18,0.13,2.34,1.38,,4829.0,0.13,0.12,0.28,0.4,0.05,0.9992500112396836,0.0387222808921744
555,2024,91,,,,,,,,3127.0,0.13,0.15,0.25,0.4,0.05,0.99999073973619,0.0043035382962442
556,2024,92,0.12,6.9,0.15,0.135,2.34,1.56,65.5,4839.0,0.135,0.19,0.26,0.45,0.055,0.999916658654738,-0.0129102960750088
557,2024,93,0.065,8.205,0.145,0.15,2.51,1.6,62.0,4696.5,0.13,0.125,0.3249999999999999,0.4499999999999999,0.06,0.9995462806873572,-0.0301203048469081
558,2024,94,0.09,6.625,0.15,0.15,2.52,1.64,79.0,4150.0,0.14,0.12,0.305,0.425,0.06,0.9988797155850336,-0.0473213883224318
559,2024,95,0.13,7.32,0.15,0.13,2.52,1.54,,4879.0,0.14,0.14,0.31,0.45,0.05,0.9979171608653922,-0.0645084494493162
560,2024,96,,,,,,,,4867.0,0.13,0.13,0.32,0.45,0.05,0.9966589017541702,-0.0816763953304224
561,2024,97,,,,,,,,4821.0,0.13,0.16,0.29,0.4499999999999999,0.06,0.9951053111006976,-0.0988201387328714
562,2024,98,,,,,,,87.0,4918.0,0.13,0.19,0.26,0.45,0.06,0.9932568492674144,-0.1159345995955004
563,2024,99,0.11,7.72,0.14,0.16,2.64,1.68,84.0,3628.0,0.14,0.1,0.35,0.4499999999999999,0.06,0.9911140639934548,-0.1330147065341959
564,2024,100,0.1,6.85,0.13,0.14,2.68,1.72,82.0,3644.0,0.15,0.15,0.3,0.4499999999999999,0.06,0.9886775902323404,-0.1500553983446526
565,2024,102,0.12,7.65,0.14,0.13,2.32,1.56,,4831.0,0.13,0.11,0.34,0.45,0.06,0.9829265519799822,-0.18399835165768
566,2024,103,0.11,7.8,0.19,0.15,2.4,1.6,86.0,4871.0,0.14,0.19,0.26,0.45,0.06,0.97961369164549,-0.200890555130635
567,2024,104,,,,,,,,4933.0,0.13,0.2,0.25,0.45,0.07,0.9760105506323684,-0.2177232303965317
568,2024,105,0.1,7.18,0.16,0.15,2.68,1.7,,3343.0,0.14,0.2,0.25,0.45,0.07,0.9721181966290612,-0.2344913895704098
569,2024,106,0.1,9.28,0.18,0.14,2.89,1.82,55.0,3538.0,0.15,0.13,0.32,0.45,0.07,0.9679377830240642,-0.2511900638848193
570,2024,107,0.1,10.2,0.2,0.13,2.72,1.76,58.0,3345.0,0.15,0.2,0.25,0.45,0.06,0.9634705485641488,-0.2678143051621742
571,2024,108,0.1,8.45,0.14,0.13,2.44,1.76,,4711.0,0.13,0.19,0.26,0.45,0.07,0.9587178169872964,-0.2843591872810034
572,2024,109,0.11,8.98,0.16,0.13,2.41,1.84,62.0,3062.0,0.14,0.12,0.33,0.45,0.07,0.9536809966304456,-0.3008198076356673
573,2024,110,,,,,,,44.0,4733.0,0.13,0.17,0.28,0.45,0.07,0.9483615800121716,-0.3171912885891061
574,2024,112,0.08,5.75,0.26,0.15,2.4,1.6,,3492.0,0.15,0.14,0.31,0.45,0.07,0.9368813462954316,-0.3496474552512284
575,2024,113,0.08,5.1,0.2,0.16,2.24,1.68,52.0,4737.0,0.14,0.16,0.29,0.4499999999999999,0.07,0.9307239310379796,-0.3657225234972689
576,2024,114,0.13,5.7,0.22,0.16,2.44,1.48,50.0,3796.0,0.15,0.15,0.3,0.4499999999999999,0.07,0.9242907221930932,-0.3816892202666588
577,2024,115,0.13,6.1,0.2,0.13,2.4,1.56,85.0,4786.0,0.14,0.15,0.3,0.4499999999999999,0.07,0.9175836260593936,-0.3975428142825559
578,2024,116,0.09,6.92,0.18,0.16,2.87,1.95,86.0,3738.0,0.15,0.15,0.3,0.4499999999999999,0.07,0.9106046300942162,-0.4132786077829042
579,2024,117,0.11,7.16,0.18,0.17,2.64,1.6,92.0,3329.0,0.16,0.14,0.31,0.45,0.07,0.9033558023246844,-0.4288919379124835
580,2024,118,0.11,6.15,0.15,0.15,2.56,1.44,,2255.0,0.18,0.18,0.27,0.45,0.08,0.895839290734909,-0.4443781781046132
581,2024,119,0.11,7.34,0.16,0.14,2.48,1.52,85.0,3155.0,0.16,0.17,0.28,0.45,0.08,0.8880573226294932,-0.4597327394521039
582,2024,120,,,,,,,94.0,3730.0,0.14,0.11,0.29,0.3999999999999999,0.07,0.8800122039735357,-0.4749510720670499
583,2024,122,0.1,9.035,0.1699999999999999,0.15,2.445,1.775,88.0,4045.0,0.15,0.18,0.37,0.55,0.08,0.8631421280499114,-0.5049610547215204
584,2024,123,0.17,9.0,0.195,0.155,2.52,1.5,110.0,3151.5,0.14,0.145,0.355,0.5,0.075,0.854322169749827,-0.5197438121555155
585,2024,124,0.13,9.875,0.19,0.14,2.4000000000000004,1.44,181.0,3954.0,0.14,0.175,0.375,0.55,0.08,0.8452490573530633,-0.5343725582809786
586,2024,125,0.12,7.2,0.14,0.14,2.68,1.64,80.0,2229.0,0.16,0.16,0.24,0.4,0.08,0.8359254794186372,-0.548842958284719
587,2024,126,0.11,9.12,0.15,0.14,2.34,1.38,,3729.0,0.14,0.1,0.3,0.4,0.07,0.8263541987239096,-0.5631507242749186
588,2024,127,0.14,7.52,0.18,0.15,2.4,1.48,82.0,3681.0,0.15,0.17,0.28,0.45,0.07,0.8165380514459161,-0.5772916165517272
589,2024,128,,,,,,,,3721.0,0.14,0.19,0.31,0.5,0.12,0.8064799463209448,-0.5912614448635781
590,2024,129,0.1,7.31,0.18,0.14,2.44,1.52,89.0,3825.0,0.14,0.19,0.51,0.7,0.09,0.7961828637826158,-0.6050560696488488
591,2024,130,,,,,,,80.0,5021.0,0.14,0.14,0.56,0.7000000000000001,0.09,0.7856498550787147,-0.6186714032625031
592,2024,132,0.15,10.3,0.15,0.14,2.2,1.48,,5084.0,0.14,0.11,0.59,0.7,0.09,0.7638886127905428,-0.6453481132295501
593,2024,133,0.17,9.86,0.17,0.15,2.32,1.5,124.0,4885.0,0.14,0.11,0.59,0.7,0.09,0.7526668275320085,-0.6584015846980488
594,2024,134,,,,,,,192.0,4892.0,0.14,0.19,0.51,0.7,0.08,0.7412220108485958,-0.6712599575675313
595,2024,135,0.22,3.1,0.12,0.14,2.6,1.44,156.0,4992.0,0.14,0.15,0.5,0.65,0.08,0.7295575540864875,-0.6839194216246106
596,2024,136,0.13,4.25,0.14,0.16,2.56,1.52,168.0,4935.0,0.14,0.17,0.48,0.65,0.08,0.717676913675962,-0.6963762255968722
597,2024,137,0.12,9.76,0.19,0.15,2.68,1.64,140.0,4931.0,0.15,0.17,0.43,0.6,0.08,0.705583610107178,-0.7086266782644596
598,2024,138,0.07,15.1,0.14,0.16,2.12,1.4,,4886.0,0.14,0.14,0.46,0.6000000000000001,0.08,0.6932812268869777,-0.7206671495538609
599,2024,139,0.24,5.8,0.16,0.16,2.08,1.32,136.0,4870.0,0.14,0.15,0.45,0.6,0.09,0.6807734094770161,-0.7324940716135789
600,2024,140,,,,,,,128.0,4932.0,0.14,0.16,0.44,0.6,0.1,0.6680638642135335,-0.7441039398713607
601,2024,142,0.06,4.47,0.14,0.17,2.16,1.2,144.0,4846.0,0.14,0.2,0.45,0.65,0.08,0.6420547132365637,-0.766658819300159
602,2024,143,0.14,8.26,0.1,0.16,2.16,1.3,138.0,4921.0,0.14,0.16,0.54,0.7000000000000001,0.09,0.6287628145958344,-0.7775971469736269
603,2024,144,0.16,8.4,0.2,0.16,2.28,1.24,130.0,4964.0,0.14,0.14,0.56,0.7000000000000001,0.1,0.6152845999633276,-0.7883050558305255
604,2024,145,0.18,9.64,0.19,0.16,2.32,1.28,,5149.0,0.14,0.1,0.6,0.7,0.1,0.6016240632249226,-0.7987793728863649
605,2024,146,0.12,8.24,0.18,0.15,2.28,1.24,147.0,3815.0,0.14,0.11,0.59,0.7,0.09,0.5877852522924732,-0.8090169943749473
606,2024,147,,,,,,,150.0,5039.0,0.14,0.12,0.58,0.7,0.09,0.5737722679043246,-0.8190148866680801
607,2024,148,0.16,7.32,0.16,0.16,2.4,1.44,290.0,5071.0,0.14,0.16,0.54,0.7000000000000001,0.09,0.5595892624101765,-0.8287700871745038
608,2024,149,0.17,6.27,0.12,0.17,2.1,1.2,280.0,3986.0,0.14,0.16,0.54,0.7000000000000001,0.09,0.545240438540651,-0.8382797052177744
609,2024,150,0.17,9.55,0.15,0.16,2.12,1.26,310.0,5030.0,0.14,0.15,0.55,0.7000000000000001,0.09,0.5307300481619334,-0.8475409228928311
610,2024,152,0.26,11.8,0.12,0.16,2.14,1.28,230.0,5057.0,0.14,0.18,0.47,0.6499999999999999,0.09,0.5012418134457758,-0.865307254363206
611,2024,153,0.3,14.7,0.13,0.17,2.08,1.36,215.0,5060.0,0.14,0.15,0.45,0.6,0.095,0.4862727071086899,-0.8738071036110808
612,2024,154,0.215,17.65,0.16,0.205,2.3,1.37,200.0,4975.0,0.14,0.11,0.47,0.5800000000000001,0.1,0.4711595076738638,-0.8820480249558537
613,2024,155,0.06,7.72,0.11,0.18,2.16,1.48,248.0,4917.0,0.14,0.145,0.33,0.475,0.145,0.4559066935084588,-0.8900275764346767
614,2024,156,0.09,8.61,0.15,0.13,2.2,1.28,220.0,4966.0,0.14,0.14,0.46,0.6000000000000001,0.1,0.440518784350495,-0.8977433935342337
615,2024,157,0.06,8.36,0.15,0.16,2.16,1.46,210.0,4913.0,0.14,0.14,0.46,0.6000000000000001,0.09,0.4250003399695541,-0.9051931898913974
616,2024,158,0.15,14.5,0.14,0.16,2.08,1.32,240.0,4942.0,0.14,0.19,0.41,0.6,0.09,0.4093559588156213,-0.9123747579707272
617,2024,159,0.09,7.58,0.13,0.17,2.12,1.36,210.0,4975.0,0.15,0.17,0.43,0.6,0.09,0.3935902766564667,-0.9192859697186104
618,2024,160,0.17,7.61,0.14,0.14,2.16,1.32,,5009.0,0.14,0.16,0.44,0.6,0.09,0.3777079652039649,-0.9259247771938498
619,2024,161,0.22,8.09,0.14,0.15,2.2,1.36,250.0,5188.0,0.14,0.15,0.45,0.6,0.1,0.3617137307297676,-0.9322892131745132
620,2024,163,0.12,7.37,0.15,0.15,2.16,1.12,240.0,5026.0,0.14,0.18,0.42,0.6,0.1,0.3294084822245304,-0.9441875088341992
621,2024,164,0.09,8.45,0.13,0.16,2.24,1.24,220.0,5089.0,0.14,0.2,0.4,0.6000000000000001,0.1,0.3131070409358269,-0.9497178427914316
622,2024,165,0.1,8.86,0.14,0.16,2.28,1.28,240.0,5009.0,0.14,0.11,0.49,0.6,0.11,0.2967128192734907,-0.9549667548552552
623,2024,166,0.17,20.5,0.12,0.17,2.16,1.2,230.0,4936.0,0.14,0.1,0.5,0.6,0.11,0.2802306751992158,-0.9599326896597448
624,2024,167,0.11,6.72,0.13,0.17,2.24,1.38,240.0,4938.0,0.14,0.17,0.43,0.6,0.1,0.263665492728007,-0.9646141756912436
625,2024,168,0.15,15.8,0.21,0.16,2.18,1.38,,5040.0,0.14,0.12,0.48,0.6,0.1,0.2470221804809355,-0.9690098257244062
626,2024,169,0.14,13.8,0.18,0.18,2.21,1.38,240.0,4910.0,0.14,0.2,0.4,0.6000000000000001,0.1,0.2303056702306122,-0.973118337233262
627,2024,170,,,,,,,260.0,5112.0,0.14,0.17,0.43,0.6,0.11,0.2135209154397961,-0.9769384927771816
628,2024,171,0.14,20.5,0.14,0.19,2.16,1.36,290.0,5008.0,0.14,0.13,0.47,0.6,0.11,0.1966728897935764,-0.980469160361632
629,2024,173,0.14,9.78,0.15,0.22,2.28,1.24,,4998.0,0.15,0.11,0.44,0.55,0.11,0.1628070129385171,-0.986657932891657
630,2024,174,0.13,8.36,0.15,0.17,2.16,1.32,290.0,4986.0,0.14,0.18,0.37,0.55,0.11,0.1457991969198751,-0.9893142039703664
631,2024,175,,,,,,,,4975.0,0.14,0.17,0.23,0.4,0.11,0.1287481774525813,-0.99167731989929
632,2024,176,0.1,7.23,0.16,0.16,2.32,1.44,300.0,4869.0,0.14,0.14,0.26,0.4,0.21,0.1116590071216951,-0.993746580436178
633,2024,177,,,,,,,300.0,5026.0,0.14,0.18,0.22,0.4,0.2,0.0945367498171991,-0.9955213724144752
634,2024,178,0.14,9.26,0.16,0.22,2.48,1.4,280.0,5031.0,0.14,0.12,0.28,0.4,0.21,0.077386479233463,-0.9970011699250152
635,2024,179,0.15,8.67,0.21,0.21,2.24,1.28,522.0,4875.0,0.14,0.18,0.22,0.4,0.2,0.060213277365793,-0.9981855344718586
636,2024,180,0.12,7.35,0.2,0.2,2.28,1.24,,4950.0,0.14,0.18,0.17,0.35,0.17,0.0430222330045305,-0.99907411510223
637,2024,181,0.07,9.12,0.16,0.19,2.52,1.44,570.0,5045.0,0.14,0.19,0.16,0.35,0.17,0.025818440227133,-0.9996666485105112
638,2024,183,0.16,12.93,0.175,0.205,2.4800000000000004,1.42,485.0,3619.0,0.145,0.16,0.19,0.35,0.19,-0.008606996888688,-0.9999629591162656
639,2024,184,0.15,9.2,0.16,0.19,2.44,1.36,480.0,3606.5,0.165,0.135,0.29,0.425,0.2,-0.0258184402271323,-0.9996666485105112
640,2024,185,0.175,9.015,0.155,0.2,2.42,1.36,530.0,3873.5,0.15,0.15,0.275,0.425,0.175,-0.0430222330045303,-0.99907411510223
641,2024,186,0.12,11.6,0.15,0.18,2.52,1.48,340.0,3774.0,0.14,0.17,0.18,0.35,0.18,-0.0602132773657927,-0.9981855344718586
642,2024,187,0.16,10.2,0.16,0.2,2.48,1.44,530.0,4867.0,0.14,0.2,0.15,0.35,0.17,-0.0773864792334632,-0.9970011699250152
643,2024,188,0.19,8.45,0.17,0.23,2.4,1.36,510.0,3643.0,0.17,0.17,0.18,0.35,0.17,-0.0945367498171993,-0.9955213724144752
644,2024,189,0.14,9.35,0.18,0.2,2.44,1.48,,3652.0,0.14,0.17,0.18,0.35,0.18,-0.1116590071216944,-0.993746580436178
645,2024,190,0.1,10.1,0.18,0.2,2.24,1.4,500.0,4911.0,0.14,0.17,0.18,0.35,0.18,-0.1287481774525806,-0.99167731989929
646,2024,191,0.2,6.67,0.13,0.21,2.32,1.44,510.0,3362.0,0.15,0.17,0.23,0.4,0.18,-0.1457991969198744,-0.9893142039703664
647,2024,193,0.15,7.55,0.16,0.19,2.28,1.48,520.0,3310.0,0.14,0.17,0.23,0.4,0.17,-0.1797665857255621,-0.9837092937736098
648,2024,194,0.11,7.85,0.14,0.2,2.32,1.28,580.0,3872.0,0.14,0.13,0.27,0.4,0.28,-0.1966728897935762,-0.980469160361632
649,2024,195,0.18,8.11,0.15,0.22,2.32,1.44,,3807.0,0.14,0.17,0.23,0.4,0.23,-0.2135209154397959,-0.9769384927771816
650,2024,196,0.22,9.21,0.24,0.2,2.32,1.36,,3895.0,0.14,0.1,0.3,0.4,0.22,-0.2303056702306119,-0.973118337233262
651,2024,197,0.18,5.04,0.23,0.22,2.24,1.4,580.0,5027.0,0.14,0.15,0.25,0.4,0.23,-0.2470221804809352,-0.9690098257244064
652,2024,198,0.16,6.35,0.21,0.2,2.28,1.48,560.0,1866.0,0.2,0.16,0.18,0.3399999999999999,0.22,-0.2636654927280072,-0.9646141756912436
653,2024,199,0.16,6.49,0.18,0.19,2.32,1.44,490.0,3951.0,0.14,0.15,0.2,0.35,0.21,-0.2802306751992161,-0.9599326896597444
654,2024,200,0.12,5.92,0.14,0.18,2.43,1.46,,4259.0,0.14,0.13,0.27,0.4,0.2,-0.2967128192734901,-0.9549667548552552
655,2024,201,0.22,5.86,0.11,0.17,2.32,1.46,,3613.0,0.16,0.11,0.29,0.3999999999999999,0.2,-0.3131070409358267,-0.9497178427914316
656,2024,203,,,,,,,,3535.0,0.14,0.2,0.3,0.5,0.19,-0.3456123126707333,-0.9383773917408642
657,2024,204,,,,,,,640.0,1966.0,0.17,0.13,0.37,0.5,0.19,-0.3617137307297674,-0.9322892131745134
658,2024,205,0.15,8.17,0.14,0.2,2.42,1.36,660.0,4038.0,0.14,0.13,0.37,0.5,0.18,-0.3777079652039646,-0.92592477719385
659,2024,206,0.14,7.87,0.15,0.17,2.32,1.28,650.0,3871.0,0.14,0.1,0.4,0.5,0.18,-0.3935902766564664,-0.9192859697186104
660,2024,207,0.11,8.36,0.15,0.2,2.4,1.32,640.0,2385.0,0.17,0.18,0.32,0.5,0.18,-0.4093559588156211,-0.9123747579707274
661,2024,208,0.12,9.81,0.17,0.18,2.43,1.46,,3333.0,0.16,0.16,0.34,0.5,0.2,-0.4250003399695539,-0.9051931898913976
662,2024,209,0.24,5.95,0.12,0.18,2.52,1.48,,4673.0,0.16,0.2,0.3,0.5,0.19,-0.4405187843504952,-0.8977433935342336
663,2024,210,,,,,,,,3739.0,0.17,0.16,0.34,0.5,0.18,-0.455906693508459,-0.8900275764346766
664,2024,211,0.1,7.95,0.18,0.21,2.24,1.32,,3507.0,0.19,0.2,0.3,0.5,0.18,-0.4711595076738639,-0.8820480249558535
665,2024,213,,,,,,,600.0,4785.0,0.14,0.16,0.34,0.5,0.17,-0.5012418134457756,-0.8653072543632061
666,2024,214,0.19,10.2,0.21,0.19,2.43,1.42,620.0,4959.0,0.14,0.16,0.715,0.875,0.145,-0.5160623910158526,-0.8565509959010037
667,2024,215,0.2,9.065,0.195,0.21,2.34,1.38,795.0,3563.5,0.185,0.1149999999999999,1.06,1.175,0.155,-0.5307300481619331,-0.8475409228928312
668,2024,216,0.145,11.21,0.1699999999999999,0.205,2.48,1.42,640.0,3426.0,0.14,0.16,0.59,0.75,0.175,-0.5452404385406507,-0.8382797052177745
669,2024,217,0.15,8.38,0.09,0.21,2.24,1.36,640.0,2263.0,0.21,0.18,0.37,0.55,0.19,-0.5595892624101763,-0.828770087174504
670,2024,218,0.16,9.15,0.18,0.22,2.24,1.32,700.0,4695.0,0.18,0.14,0.41,0.55,0.16,-0.5737722679043243,-0.8190148866680802
671,2024,219,0.18,7.57,0.12,0.24,2.32,1.46,690.0,3625.0,0.15,0.14,0.41,0.55,0.16,-0.5877852522924734,-0.8090169943749472
672,2024,220,0.11,7.98,0.11,0.21,2.4,1.36,700.0,4310.0,0.18,0.14,0.61,0.75,0.15,-0.6016240632249227,-0.7987793728863648
673,2024,221,0.1,8.15,0.18,0.23,2.32,1.32,,4832.0,0.14,0.16,0.79,0.95,0.16,-0.6152845999633277,-0.7883050558305253
674,2024,222,0.09,8.09,0.16,0.21,2.36,1.4,825.0,3696.0,0.14,0.17,0.98,1.15,0.17,-0.6287628145958345,-0.7775971469736268
675,2024,224,0.1,8.11,0.18,0.21,2.32,1.44,700.0,4864.0,1.4,0.12,1.03,1.15,0.16,-0.655156357209085,-0.7554933140726804
676,2024,225,,,,,,,680.0,5024.0,0.15,0.11,1.14,1.25,0.16,-0.6680638642135333,-0.7441039398713608
677,2024,226,0.08,8.02,0.15,0.22,2.36,1.48,600.0,5248.0,0.15,0.17,1.23,1.4,0.15,-0.6807734094770159,-0.7324940716135792
678,2024,227,0.23,10.6,0.2,0.22,2.32,1.32,680.0,5056.0,0.14,0.16,1.24,1.4,0.14,-0.6932812268869771,-0.7206671495538615
679,2024,228,0.13,8.42,0.16,0.21,2.28,1.36,,5421.0,0.15,0.14,1.26,1.4,0.13,-0.7055836101071774,-0.70862667826446
680,2024,229,0.1,9.06,0.18,0.22,2.52,1.48,640.0,4911.0,0.15,0.12,1.63,1.75,0.13,-0.7176769136759615,-0.6963762255968726
681,2024,230,,,,,,,,5021.0,0.14,0.12,1.63,1.75,0.12,-0.7295575540864876,-0.6839194216246105
682,2024,231,0.12,8.56,0.2,0.22,2.48,1.56,,5216.0,0.14,0.19,1.51,1.7,0.12,-0.7412220108485957,-0.6712599575675315
683,2024,232,0.13,8.13,0.17,0.23,2.42,1.52,960.0,4896.0,0.14,0.13,1.17,1.2999999999999998,0.13,-0.7526668275320083,-0.6584015846980489
684,2024,234,0.15,8.21,0.2,0.23,2.4,1.36,,3344.0,0.18,0.16,1.59,1.75,0.12,-0.7748840413670406,-0.6321034111873488
685,2024,235,0.15,9.16,0.18,0.2,2.45,1.41,,3512.0,0.14,0.17,1.93,2.1,0.11,-0.7856498550787144,-0.6186714032625032
686,2024,236,0.2,9.18,0.25,0.2,2.52,1.5,,3296.0,0.14,0.13,1.57,1.7000000000000002,0.11,-0.7961828637826154,-0.6050560696488494
687,2024,237,,,,,,,,3792.0,0.14,0.1,1.4,1.5,0.11,-0.8064799463209447,-0.5912614448635782
688,2024,238,,,,,,,,3440.0,0.14,0.12,1.18,1.2999999999999998,0.15,-0.8165380514459157,-0.5772916165517278
689,2024,239,,,,,,,860.0,2032.0,0.17,0.15,0.65,0.8,0.12,-0.8263541987239094,-0.5631507242749187
690,2024,240,0.12,8.26,0.25,0.21,2.48,1.44,870.0,4726.0,0.14,0.12,0.78,0.9,0.24,-0.8359254794186365,-0.5488429582847199
691,2024,241,0.12,9.4,0.18,0.21,2.48,1.44,800.0,5056.0,0.15,0.15,0.75,0.9,0.21,-0.8452490573530634,-0.5343725582809785
692,2024,242,0.1,14.7,0.12,0.2,2.32,1.36,760.0,4621.0,0.14,0.18,0.92,1.1,0.18,-0.8543221697498269,-0.5197438121555157
693,2024,244,0.16,10.9,0.1,0.22,2.56,1.44,,3344.0,0.14,0.12,0.78,0.9,0.2,-0.8717063187093217,-0.4900286664290594
694,2024,245,0.14,10.85,0.23,0.23,2.4,1.48,840.0,3752.0,0.145,0.185,0.74,0.925,0.265,-0.8800122039735356,-0.4749510720670502
695,2024,246,0.14,9.7,0.15,0.22,2.41,1.46,840.0,5032.0,0.14,0.15,0.775,0.925,0.175,-0.888057322629493,-0.4597327394521046
696,2024,247,0.1699999999999999,9.915,0.14,0.21,2.81,1.65,,5104.0,0.14,0.12,0.8300000000000001,0.95,0.1699999999999999,-0.8958392907349089,-0.4443781781046134
697,2024,248,,,,,,,850.0,2416.0,0.14,0.19,0.71,0.8999999999999999,0.22,-0.9033558023246842,-0.4288919379124841
698,2024,249,,,,,,,790.0,4016.0,0.15,0.16,0.7,0.86,0.23,-0.9106046300942162,-0.4132786077829044
699,2024,250,0.15,8.27,0.13,0.21,2.3,1.56,,1824.0,0.14,0.16,0.79,0.95,0.27,-0.9175836260593934,-0.3975428142825566
700,2024,251,0.15,13.8,0.18,0.2,2.8,1.68,,3520.0,0.15,0.19,0.76,0.95,0.27,-0.9242907221930934,-0.3816892202666586
701,2024,252,,,,,,,,5280.0,0.14,0.11,0.84,0.95,0.28,-0.9307239310379792,-0.3657225234972692
702,2024,253,,,,,,,800.0,3472.0,0.15,0.19,0.76,0.95,0.31,-0.9368813462954316,-0.3496474552512282
703,2024,255,0.11,11.25,0.21,0.24,2.52,1.52,800.0,3762.0,0.14,0.13,0.82,0.95,0.19,-0.9483615800121716,-0.3171912885891059
704,2024,256,0.08,11.38,0.17,0.22,2.58,1.62,900.0,2240.0,0.14,0.13,0.82,0.95,0.22,-0.9536809966304456,-0.300819807635668
705,2024,257,0.14,10.22,0.14,0.21,2.76,1.68,790.0,3920.0,0.15,0.18,0.77,0.95,0.21,-0.9587178169872964,-0.2843591872810036
706,2024,258,0.11,10.92,0.18,0.2,2.58,1.7,800.0,3939.0,0.14,0.18,0.77,0.95,0.17,-0.9634705485641486,-0.2678143051621748
707,2024,259,0.16,9.42,0.16,0.21,2.42,1.68,,3735.0,0.14,0.13,0.82,0.95,0.17,-0.9679377830240642,-0.2511900638848195
708,2024,260,0.16,10.21,0.12,0.22,2.48,1.64,,5152.0,0.14,0.2,0.75,0.95,0.18,-0.9721181966290612,-0.2344913895704105
709,2024,261,,,,,,,,3751.0,0.14,0.13,0.82,0.95,0.19,-0.9760105506323682,-0.2177232303965322
710,2024,262,0.14,10.2,0.2,0.2,2.48,1.52,800.0,4736.0,0.14,0.15,0.8,0.95,0.22,-0.97961369164549,-0.2008905551306352
711,2024,263,0.16,11.8,0.13,0.22,2.52,1.56,760.0,3856.0,0.15,0.14,0.81,0.95,0.23,-0.9829265519799822,-0.1839983516576798
712,2024,265,0.16,10.12,0.12,0.21,2.32,1.44,,3896.0,0.13,0.12,0.83,0.95,0.16,-0.9886775902323404,-0.1500553983446526
713,2024,266,0.14,9.42,0.18,0.19,2.52,1.76,,4736.0,0.14,0.17,0.78,0.95,0.15,-0.9911140639934546,-0.1330147065341963
714,2024,267,0.12,10.01,0.17,0.21,2.55,1.58,790.0,5088.0,0.14,0.16,0.79,0.95,0.16,-0.9932568492674144,-0.1159345995955006
715,2024,268,,,,,,,,,,0.19,,,,-0.9951053111006974,-0.0988201387328721
716,2024,269,0.15,10.26,0.17,0.2,2.56,1.48,860.0,5280.0,0.14,0.14,0.81,0.95,0.18,-0.99665890175417,-0.0816763953304228
717,2024,270,,,,,,,,,,0.18,,,,-0.9979171608653922,-0.0645084494493162
718,2024,271,0.25,16.9,0.15,0.21,2.58,1.5,980.0,5184.0,0.14,0.15,0.8,0.95,0.16,-0.9988797155850336,-0.0473213883224323
719,2024,272,,,,,,,,,,0.11,,,,-0.9995462806873572,-0.0301203048469083
720,2024,273,0.22,15.2,0.18,0.2,2.52,1.52,,5216.0,0.14,0.18,0.82,1.0,0.19,-0.999916658654738,-0.0129102960750088
721,2024,275,0.19,11.505,0.16,0.22,2.7,1.6,,4976.0,0.14,0.16,0.64,0.8,0.145,-0.9997685019798908,0.0215160974362222
722,2024,276,,,,,,,,5184.0,0.14,0.11,0.89,1.0,0.13,-0.9992500112396836,0.0387222808921739
723,2024,277,0.3,17.8,0.11,0.21,2.56,1.72,,5056.0,0.14,0.17,0.78,0.95,0.13,-0.9984354211555644,0.055916990100603
724,2024,278,,,,,,,,,,0.15,,,,-0.9973249731081556,0.0730951298980777
725,2024,279,0.28,19.0,0.09,0.19,2.72,1.62,,4689.0,0.14,0.12,0.83,0.95,0.15,-0.9959189961471792,0.0902516100310407
726,2024,280,0.39,22.4,0.11,0.2,2.68,1.56,,4576.0,0.15,0.19,0.71,0.8999999999999999,0.15,-0.994217906893952,0.107381346664163
727,2024,281,0.22,22.3,0.14,0.21,2.52,1.58,,4527.0,0.14,0.18,0.72,0.8999999999999999,0.13,-0.9922222094179324,0.1244792638867886
728,2024,282,0.25,13.3,0.13,0.21,2.72,1.52,600.0,5120.0,0.14,0.17,0.53,0.7000000000000001,0.15,-0.989932495087353,0.141540295217043
729,2024,283,0.34,11.1,0.26,0.2,2.8,1.56,,5013.0,0.14,0.2,0.5,0.7,0.12,-0.9873494423939864,0.1585593851031347
