record_id,res_ClO2,raw_turb,fin_turb,NH3N,CODMn_raw,CODMn_fin,bacteria,flow,clearwell_ClO2,terminal_dose_logged,year,month,day
1,0.07,3.32,0.12,0.22,2.4,1.4,,3639.0,0.15,,2021,1.0,1.0
2,0.09,2.18,0.11,0.29,2.64,1.88,,4649.0,0.16,,2021,1.0,1.0
3,0.09,3.16,0.19,0.21,2.42,1.4,,2945.0,0.14,,2021,1.0,2.0
4,0.08,2.46,0.15,0.23,2.56,1.56,14.0,3770.0,0.18,,2021,1.0,2.0
5,0.17,1.82,0.15,0.22,2.28,1.84,,3833.0,0.28,,2021,1.0,3.0
6,0.09,2.96,0.18,0.26,2.28,1.44,15.0,3661.0,0.21,,2021,1.0,4.0
7,0.09,3.04,0.2,0.28,2.32,1.4,,3712.0,0.19,,2021,1.0,5.0
8,0.14,2.13,0.14,0.27,2.48,1.8,17.0,3641.0,0.12,,2021,1.0,6.0
9,0.15,1.87,0.17,0.25,2.52,1.82,20.0,1935.0,0.14,,2021,1.0,7.0
10,0.12,2.79,0.16,0.25,2.56,1.92,24.0,3820.0,0.16,,2021,1.0,8.0
11,0.12,2.75,0.16,0.27,2.68,2.0,,4783.0,0.15,,2021,1.0,9.0
12,0.16,1.93,0.09,0.26,3.25,1.9,11.0,3890.0,0.19,,2021,1.0,11.0
13,0.09,1.81,0.15,0.28,2.72,1.68,,3991.0,0.15,,2021,1.0,12.0
14,0.1,2.3,0.11,0.29,2.6,1.72,12.0,3899.0,0.22,,2021,1.0,13.0
15,0.18,1.63,0.1,0.24,2.42,1.64,,3821.0,0.24,,2021,1.0,14.0
16,0.08,2.16,0.13,0.26,2.24,1.6,18.0,3896.0,0.17,,2021,1.0,15.0
17,0.12,1.58,0.1,0.25,2.48,1.64,,3858.0,0.21,,2021,1.0,17.0
18,0.13,1.88,0.13,0.24,2.64,1.84,20.0,3839.0,0.2,,2021,1.0,18.0
19,0.1,2.15,0.15,0.29,2.86,1.67,,3844.0,0.27,,2021,1.0,19.0
20,0.08,6.83,0.14,0.25,2.32,1.52,20.0,3831.0,0.25,,2021,1.0,21.0
21,0.1,4.08,0.17,0.28,2.48,1.6,21.0,3826.0,0.28,,2021,1.0,22.0
22,0.14,3.68,0.1,0.27,2.18,1.5,,2084.0,0.23,,2021,1.0,23.0
23,0.08,3.14,0.1,0.23,2.36,1.68,,2089.0,0.23,,2021,1.0,24.0
24,0.12,2.58,0.15,0.21,2.4,1.48,27.0,2080.0,0.29,,2021,1.0,25.0
25,0.14,3.38,0.24,0.21,2.45,1.54,,3821.0,0.15,,2021,1.0,26.0
26,0.14,2.04,0.1,0.3,2.4,1.68,11.0,3701.0,0.29,,2021,1.0,27.0
27,0.14,3.56,0.11,0.23,2.29,1.44,16.0,3772.0,0.25,,2021,1.0,28.0
28,0.12,1.63,0.12,0.23,2.36,1.6,,3703.0,0.24,,2021,1.0,29.0
29,0.09,1.99,0.16,0.27,2.56,1.64,13.0,1861.0,0.28,,2021,2.0,1.0
30,0.12,4.94,0.2,0.28,2.48,1.72,,4076.0,0.18,,2021,2.0,1.0
31,0.18,2.65,0.16,0.3,2.4,1.6,,4010.0,0.29,,2021,2.0,2.0
32,0.15,3.5,0.16,0.28,2.56,1.52,,1861.0,0.28,,2021,2.0,2.0
33,0.13,5.33,0.14,0.29,2.48,1.6,9.0,2079.0,0.13,,2021,2.0,3.0
34,0.15,2.18,0.1,0.25,2.59,1.7,,4025.0,0.31,,2021,2.0,4.0
35,0.11,5.09,0.25,0.25,2.56,1.6,10.0,4088.0,0.25,,2021,2.0,5.0
36,0.1,6.85,0.17,0.25,2.72,1.76,,4131.0,0.19,,2021,2.0,7.0
37,0.16,6.98,0.15,0.25,2.65,1.64,20.0,4146.0,0.18,,2021,2.0,8.0
38,0.15,4.46,0.12,0.25,2.72,1.68,20.0,4075.0,0.31,,2021,2.0,9.0
39,0.17,3.08,0.18,0.26,2.52,1.68,,2221.0,0.17,,2021,2.0,11.0
40,0.19,4.54,0.22,0.25,2.72,1.76,,,,,2021,2.0,14.0
41,0.13,3.07,0.18,0.26,2.52,1.68,,4071.0,0.24,,2021,2.0,17.0
42,0.14,2.07,0.23,0.29,2.32,1.52,,4069.0,0.22,,2021,2.0,18.0
43,0.14,2.07,0.23,0.29,2.32,1.52,,4071.0,0.3,,2021,2.0,19.0
44,0.12,2.82,0.18,0.28,2.34,1.5,,4016.0,0.21,,2021,2.0,21.0
45,0.15,3.36,0.19,0.29,2.16,1.46,13.0,3992.0,0.24,,2021,2.0,22.0
46,0.12,2.14,0.21,0.28,2.33,1.59,22.0,4017.0,0.23,,2021,2.0,23.0
47,0.16,3.94,0.17,0.29,2.12,1.52,,5027.0,0.34,,2021,2.0,24.0
48,0.08,1.71,0.1,0.34,2.05,1.31,,,,,2021,2.0,25.0
49,0.08,1.4,0.26,0.29,2.12,1.28,,,,,2021,2.0,26.0
50,0.17,1.51,0.28,0.27,2.16,1.42,,4109.0,0.26,,2021,2.0,27.0
51,0.11,1.62,0.18,0.3,2.24,1.44,13.0,4089.0,0.23,,2021,3.0,1.0
52,0.13,3.6,0.17,0.19,2.56,1.68,,5282.0,0.68,,2021,3.0,1.0
53,0.15,4.95,0.41,0.26,2.34,1.44,,4051.0,0.31,,2021,3.0,2.0
54,0.1,2.36,0.18,0.14,2.16,1.36,,3686.0,0.26,,2021,3.0,2.0
55,0.12,4.85,0.31,0.13,1.92,1.28,,4951.0,0.19,,2021,3.0,3.0
56,0.13,4.48,0.24,0.21,2.16,1.6,65.0,2299.0,0.32,,2021,3.0,3.0
57,0.07,6.62,0.21,0.2,2.22,1.7,70.0,2333.0,0.41,,2021,3.0,4.0
58,0.14,6.46,0.16,0.21,2.24,1.68,,4018.0,0.2,,2021,3.0,5.0
59,0.13,6.82,0.17,0.22,2.72,1.76,,4036.0,0.29,,2021,3.0,6.0
60,0.18,4.81,0.2,0.17,2.16,1.64,22.0,2019.0,0.24,,2021,3.0,8.0
61,0.1,2.92,0.19,0.19,2.6,1.71,19.0,2302.0,0.28,,2021,3.0,9.0
62,0.19,2.74,0.21,0.08,2.24,1.68,25.0,4992.0,0.19,,2021,3.0,11.0
63,0.1,2.18,0.18,0.15,2.36,1.68,,4093.0,0.21,,2021,3.0,13.0
64,0.09,2.36,0.19,0.19,2.44,1.68,,4039.0,0.2,,2021,3.0,14.0
65,0.08,3.49,0.2,0.1,2.56,1.6,,3619.0,0.29,,2021,3.0,15.0
66,0.2,3.89,0.21,0.11,2.08,1.48,,5016.0,0.29,,2021,3.0,16.0
67,0.12,2.78,0.14,0.2,2.02,1.58,,5015.0,0.29,,2021,3.0,22.0
68,0.13,3.86,0.22,0.09,2.56,1.76,19.0,4792.0,0.18,,2021,3.0,23.0
69,0.09,3.25,0.24,0.19,2.24,1.52,19.0,2172.0,0.25,,2021,3.0,25.0
70,0.16,3.74,0.16,0.15,2.4,1.36,9.0,5160.0,0.27,,2021,3.0,26.0
71,0.13,3.8,0.18,0.15,2.28,1.56,,3608.0,0.27,,2021,3.0,27.0
72,0.14,6.12,0.2,0.22,2.3,1.58,,3756.0,0.25,,2021,3.0,28.0
73,0.11,5.02,0.2,0.12,2.02,1.32,,,,,2021,3.0,31.0
74,0.12,8.42,0.26,0.12,2.77,1.46,,3471.0,0.13,,2021,4.0,2.0
75,0.16,4.56,0.13,0.15,2.12,1.36,,3250.0,0.25,,2021,4.0,3.0
76,0.12,5.12,0.18,0.12,2.16,1.6,,2183.0,0.19,,2021,4.0,3.0
77,0.17,3.96,0.15,0.14,2.18,1.34,,1565.0,0.27,,2021,4.0,4.0
78,0.08,6.22,0.2,0.09,2.27,1.44,,1529.0,0.25,,2021,4.0,5.0
79,0.1,4.57,0.23,0.27,1.92,1.44,,3235.0,0.21,,2021,4.0,7.0
80,0.06,3.69,0.17,0.3,2.29,1.52,,1812.0,0.19,,2021,4.0,8.0
81,0.08,3.54,0.18,0.19,2.0,1.44,120.0,3547.0,0.19,,2021,4.0,9.0
82,0.08,3.07,0.23,0.24,1.98,1.43,,3461.0,0.2,,2021,4.0,11.0
83,0.06,8.35,0.14,0.15,2.34,1.66,,3715.0,0.23,,2021,4.0,13.0
84,0.12,3.23,0.3,0.13,1.92,1.48,16.0,3702.0,0.22,,2021,4.0,14.0
85,0.14,5.07,0.2,0.13,2.02,1.52,15.0,5312.0,0.33,,2021,4.0,15.0
86,0.15,3.19,0.28,0.17,2.18,1.68,,5236.0,0.32,,2021,4.0,16.0
87,0.09,3.21,0.3,0.17,2.2,1.48,,5455.0,0.38,,2021,4.0,17.0
88,0.08,1.27,0.3,0.19,2.24,1.44,,5126.0,0.2,,2021,4.0,18.0
89,0.1,5.08,0.21,0.16,1.84,1.38,35.0,3486.0,0.13,,2021,4.0,19.0
90,0.08,4.8,0.2,0.17,2.6,1.44,97.0,5141.0,0.19,,2021,4.0,21.0
91,0.08,3.72,0.22,0.14,2.4,1.92,,2156.0,0.18,,2021,4.0,22.0
92,0.12,3.86,0.19,0.1,2.08,1.52,48.0,2213.0,0.2,,2021,4.0,23.0
93,0.08,3.96,0.19,0.16,2.14,1.48,,2207.0,0.18,,2021,4.0,24.0
94,0.07,10.0,0.3,0.14,2.14,1.45,76.0,2241.0,0.21,,2021,4.0,25.0
95,0.09,3.45,0.37,0.12,2.12,1.52,60.0,2342.0,0.21,,2021,4.0,27.0
96,0.12,5.29,0.2,0.13,2.12,1.44,90.0,2198.0,0.18,,2021,4.0,28.0
97,0.08,4.9,0.16,0.11,2.24,1.48,,2235.0,0.21,,2021,4.0,29.0
98,0.1,7.77,0.23,0.16,2.24,1.52,126.0,2186.0,0.12,,2021,5.0,1.0
99,0.07,1.64,0.16,0.14,2.45,1.58,95.0,4853.0,0.26,,2021,5.0,2.0
100,0.11,8.2,0.25,0.13,2.32,1.96,,4223.0,0.18,,2021,5.0,3.0
101,0.08,6.32,0.22,0.17,2.24,1.76,8.0,4935.0,0.48,,2021,5.0,6.0
102,0.09,9.55,0.15,0.14,2.4,1.44,65.0,4988.0,0.21,,2021,5.0,7.0
103,0.2,9.98,0.18,0.13,2.24,1.44,52.0,4976.0,0.28,,2021,5.0,8.0
104,0.13,9.78,0.14,0.16,2.3,1.4,,2181.0,0.19,,2021,5.0,9.0
105,0.1,6.63,0.16,0.13,2.56,1.6,,4132.0,0.22,,2021,5.0,11.0
106,0.18,9.45,0.18,0.12,2.08,1.32,56.0,4965.0,0.27,,2021,5.0,12.0
107,0.16,5.8,0.22,0.1,2.16,1.54,85.0,4955.0,0.19,,2021,5.0,13.0
108,0.13,6.16,0.2,0.11,2.4,1.5,,4933.0,0.21,,2021,5.0,14.0
109,0.08,10.5,0.14,0.15,2.12,1.32,,4945.0,0.23,,2021,5.0,15.0
110,0.18,6.32,0.16,0.12,2.08,1.32,87.0,5103.0,0.28,,2021,5.0,17.0
111,0.15,3.64,0.28,0.14,1.98,1.62,98.0,5088.0,0.27,,2021,5.0,18.0
112,0.1,3.47,0.2,0.13,2.16,1.44,,4874.0,0.22,,2021,5.0,19.0
113,0.13,2.86,0.15,0.11,2.24,1.48,74.0,5012.0,0.22,,2021,5.0,21.0
114,0.17,5.76,0.28,0.13,2.36,1.48,,5101.0,0.23,,2021,5.0,22.0
115,0.17,2.98,0.17,0.14,1.98,1.62,,4894.0,0.26,,2021,5.0,23.0
116,0.11,4.3,0.2,0.14,1.88,1.6,90.0,5079.0,0.29,,2021,5.0,24.0
117,0.14,1.49,0.22,0.13,1.9,1.07,,5181.0,0.23,,2021,5.0,25.0
118,0.12,5.86,0.13,0.12,1.94,1.15,126.0,5225.0,0.31,,2021,5.0,26.0
119,0.13,6.1,0.09,0.16,1.82,1.19,,5181.0,0.25,,2021,5.0,27.0
120,0.15,3.09,0.24,0.11,1.84,1.16,,4971.0,0.23,,2021,5.0,28.0
121,0.09,5.89,0.24,0.13,1.98,1.23,,3342.0,0.16,,2021,6.0,1.0
122,0.1,4.38,0.32,0.18,1.84,1.44,,3143.0,,,2021,6.0,1.0
123,0.09,10.6,0.29,0.15,2.28,1.52,,3576.0,0.22,,2021,6.0,2.0
124,0.08,1.21,0.16,0.17,1.86,1.44,129.0,3156.0,,,2021,6.0,2.0
125,0.05,9.53,0.19,0.12,1.92,1.32,102.0,3347.0,,,2021,6.0,3.0
126,0.15,6.57,0.18,0.2,2.92,1.88,,5010.0,0.23,,2021,6.0,3.0
127,0.1,6.82,0.18,0.11,1.48,1.24,218.0,3158.0,,,2021,6.0,4.0
128,0.13,9.28,0.2,0.11,1.52,1.32,,3468.0,,,2021,6.0,5.0
129,0.03,7.34,0.24,0.12,1.5,1.27,,3573.0,,,2021,6.0,6.0
130,0.04,2.62,0.15,0.11,1.6,1.28,220.0,3558.0,0.18,,2021,6.0,7.0
131,0.03,6.13,0.19,0.24,2.25,1.24,,3252.0,0.15,,2021,6.0,8.0
132,0.06,4.8,0.19,0.11,2.0,1.2,200.0,3593.0,0.15,,2021,6.0,9.0
133,0.12,5.83,0.2,0.22,1.94,1.07,206.0,3528.0,0.16,,2021,6.0,11.0
134,0.15,5.9,0.19,0.21,2.0,1.2,,3364.0,0.12,,2021,6.0,12.0
135,0.14,5.48,0.18,0.21,1.68,1.31,229.0,1322.0,0.21,,2021,6.0,15.0
136,0.1,7.38,0.21,0.13,2.14,1.7,,3289.0,0.21,,2021,6.0,16.0
137,0.12,6.46,0.17,0.18,2.24,1.64,,1669.0,0.2,,2021,6.0,17.0
138,0.14,9.3,0.19,0.11,2.91,1.94,209.0,1695.0,0.22,,2021,6.0,18.0
139,0.19,4.5,0.24,0.12,2.48,1.44,235.0,4805.0,0.23,,2021,6.0,21.0
140,0.1,7.62,0.17,0.15,2.48,1.64,,3590.0,0.15,,2021,6.0,22.0
141,0.09,6.21,0.21,0.18,2.67,1.78,228.0,4965.0,0.23,,2021,6.0,23.0
142,0.11,8.43,0.21,0.13,2.4,1.72,,1754.0,0.18,,2021,6.0,24.0
143,0.12,8.14,0.22,0.14,2.24,1.92,262.0,2972.0,0.29,,2021,6.0,25.0
144,0.2,7.87,0.22,0.17,2.36,1.68,,3639.0,0.21,,2021,6.0,27.0
145,0.19,8.44,0.19,0.18,2.93,1.9,220.0,3523.0,0.26,,2021,6.0,28.0
146,0.2,3.23,0.2,0.1,3.01,1.62,,2936.0,0.11,,2021,6.0,29.0
147,0.11,4.98,0.19,0.16,2.65,1.8,,5083.0,0.12,,2021,7.0,1.0
148,0.05,17.8,0.2,0.2,2.49,1.48,,,,,2021,7.0,1.0
149,0.21,12.5,0.19,0.22,2.04,1.4,,3312.0,0.25,,2021,7.0,2.0
150,0.08,14.6,0.17,0.2,3.07,1.62,360.0,1747.0,0.17,,2021,7.0,3.0
151,0.14,7.98,0.2,0.2,2.53,1.7,,4757.0,0.11,,2021,7.0,4.0
152,0.12,6.52,0.22,0.18,2.8,1.7,239.0,5010.0,0.11,,2021,7.0,5.0
153,0.07,5.26,0.17,0.23,2.96,1.92,,4868.0,0.11,,2021,7.0,6.0
154,0.03,3.22,0.3,0.18,2.8,1.68,340.0,4038.0,0.11,,2021,7.0,7.0
155,0.04,5.04,0.29,0.23,2.42,1.53,360.0,3179.0,0.1,,2021,7.0,8.0
156,0.11,6.02,0.2,0.17,2.52,1.54,340.0,1735.0,0.1,,2021,7.0,9.0
157,0.16,7.98,0.18,0.19,2.56,1.52,,,,,2021,7.0,11.0
158,0.09,7.02,0.18,0.22,2.4,1.48,230.0,1639.0,0.11,,2021,7.0,12.0
159,0.15,10.4,0.21,0.17,2.42,1.37,,1195.0,0.14,,2021,7.0,13.0
160,0.15,10.4,0.21,0.17,2.42,1.37,410.0,1750.0,0.2,,2021,7.0,14.0
161,0.11,8.86,0.22,0.15,2.46,1.45,360.0,3219.0,0.17,,2021,7.0,15.0
162,0.1,6.52,0.2,0.18,2.1,1.26,450.0,1684.0,0.15,,2021,7.0,16.0
163,0.13,6.84,0.25,0.19,2.28,1.36,,1596.0,0.13,,2021,7.0,17.0
164,0.18,10.6,0.23,0.19,2.5,1.57,,1685.0,0.2,,2021,7.0,18.0
165,0.16,13.3,0.27,0.16,2.47,1.5,370.0,3205.0,0.11,,2021,7.0,19.0
166,0.14,11.2,0.23,0.19,2.53,1.34,350.0,3737.0,0.12,,2021,7.0,21.0
167,0.24,11.21,0.25,0.21,1.82,1.37,390.0,3607.0,0.12,,2021,7.0,22.0
168,0.16,8.13,0.19,0.18,1.93,1.3,381.0,3051.0,0.1,,2021,7.0,23.0
169,0.08,7.85,0.2,0.18,2.03,1.38,,3059.0,0.14,,2021,7.0,24.0
170,0.08,7.9,0.21,0.15,2.28,1.44,,3338.0,0.1,,2021,7.0,25.0
171,0.22,7.04,0.29,0.16,2.0,1.28,420.0,2885.0,0.11,,2021,7.0,26.0
172,0.08,8.3,0.28,0.22,2.12,1.32,,2035.0,0.1,,2021,7.0,27.0
173,0.08,7.8,0.19,0.2,2.34,1.37,,1193.0,0.11,,2021,7.0,28.0
174,0.14,12.3,0.19,0.2,2.44,1.4,120.0,1683.0,0.1,,2021,7.0,29.0
175,0.09,14.0,0.19,0.22,2.54,1.46,,1837.0,0.08,,2021,7.0,31.0
176,0.17,17.3,0.23,0.21,2.5,1.44,,1056.0,0.1,,2021,8.0,1.0
177,0.24,8.45,0.22,0.26,2.75,1.21,,4702.0,0.2,,2021,8.0,1.0
178,0.08,9.1,0.22,0.17,2.8,1.44,200.0,1576.0,0.11,,2021,8.0,2.0
179,0.3,3.61,0.21,0.12,3.4,1.35,320.0,3334.0,0.11,,2021,8.0,2.0
180,0.11,6.38,0.22,0.21,2.8,1.68,780.0,1586.0,0.11,,2021,8.0,3.0
181,0.04,7.86,0.22,0.15,3.06,1.38,,1560.0,0.09,,2021,8.0,3.0
182,0.15,8.43,0.18,0.16,2.69,1.5,420.0,4863.0,0.28,,2021,8.0,4.0
183,0.18,11.9,0.2,0.3,2.8,1.44,441.0,2807.0,0.27,,2021,8.0,5.0
184,0.2,11.5,0.3,0.22,2.76,1.48,,3440.0,0.24,,2021,8.0,6.0
185,0.22,11.81,0.28,0.23,2.81,1.52,,3558.0,0.12,,2021,8.0,7.0
186,0.1,8.09,0.21,0.2,2.64,1.44,180.0,4927.0,0.21,,2021,8.0,9.0
187,0.12,10.1,0.3,0.2,2.72,1.44,480.0,5051.0,0.27,,2021,8.0,11.0
188,0.26,11.3,0.22,0.21,2.76,1.44,580.0,5009.0,0.23,,2021,8.0,12.0
189,0.2,14.8,0.25,0.17,2.8,1.6,510.0,4924.0,0.21,,2021,8.0,13.0
190,0.27,16.3,0.17,0.18,2.77,1.54,,4935.0,0.13,,2021,8.0,14.0
191,0.28,14.5,0.2,0.21,2.8,1.6,,4952.0,0.12,,2021,8.0,15.0
192,0.17,12.3,0.24,0.15,2.64,1.27,460.0,5066.0,0.12,,2021,8.0,16.0
193,0.22,11.3,0.28,0.13,2.59,1.3,,5073.0,0.13,,2021,8.0,17.0
194,0.18,10.9,0.26,0.17,2.68,1.4,570.0,5038.0,0.13,,2021,8.0,18.0
195,0.16,10.7,0.38,0.22,2.88,1.6,,5072.0,0.11,,2021,8.0,19.0
196,0.06,2.27,0.17,0.16,3.41,1.34,,3677.0,0.11,,2021,8.0,22.0
197,0.12,9.29,0.3,0.16,4.16,2.28,810.0,3668.0,0.13,,2021,8.0,23.0
198,0.08,5.85,0.18,0.23,3.72,1.63,,3741.0,0.13,,2021,8.0,24.0
199,0.07,8.83,0.35,0.23,3.35,1.53,800.0,3726.0,0.17,,2021,8.0,25.0
200,0.06,2.53,0.26,0.22,2.48,1.52,720.0,3717.0,0.15,,2021,8.0,26.0
201,0.29,9.42,0.26,0.22,2.36,1.88,,3786.0,0.12,,2021,8.0,27.0
202,0.08,7.75,0.31,0.21,2.44,1.76,,3704.0,0.12,,2021,8.0,28.0
203,0.14,8.97,0.22,0.16,3.6,1.44,,1378.0,0.11,,2021,8.0,31.0
204,0.13,11.7,0.27,0.17,2.92,1.52,680.0,3502.0,0.18,,2021,9.0,1.0
205,0.28,11.0,0.22,0.2,3.64,1.76,,4951.0,0.19,,2021,9.0,1.0
206,0.18,10.5,0.19,0.17,2.84,1.48,720.0,3851.0,0.16,,2021,9.0,2.0
207,0.17,9.66,0.2,0.17,3.2,1.8,710.0,3832.0,0.23,,2021,9.0,3.0
208,0.08,8.27,0.23,0.2,4.44,1.62,380.0,2252.0,0.12,,2021,9.0,3.0
209,0.3,7.94,0.21,0.19,3.14,1.7,,1403.0,0.12,,2021,9.0,4.0
210,0.1,15.4,0.21,0.15,3.2,1.68,,1898.0,0.11,,2021,9.0,5.0
211,0.05,6.14,0.25,0.15,3.84,1.79,690.0,1677.0,0.19,,2021,9.0,6.0
212,0.07,6.85,0.3,0.22,3.76,1.68,,2111.0,0.17,,2021,9.0,7.0
213,0.13,7.33,0.21,0.19,3.84,1.76,650.0,1976.0,0.11,,2021,9.0,8.0
214,0.1,8.07,0.17,0.19,3.72,1.68,,3799.0,0.15,,2021,9.0,9.0
215,0.06,9.2,0.23,0.19,3.64,1.76,,3797.0,0.12,,2021,9.0,11.0
216,0.21,2.82,0.19,0.19,3.01,1.66,780.0,3236.0,0.17,,2021,9.0,13.0
217,0.39,5.77,0.24,0.16,3.48,1.76,,4902.0,0.14,,2021,9.0,14.0
218,0.25,9.79,0.18,0.23,3.4,1.88,550.0,4037.0,0.18,,2021,9.0,15.0
219,0.17,9.63,0.21,0.18,3.56,1.66,156.0,5235.0,0.22,,2021,9.0,16.0
220,0.16,10.9,0.16,0.26,4.52,1.74,200.0,5024.0,0.1,,2021,9.0,17.0
221,0.09,7.7,0.13,0.22,4.64,1.84,,2033.0,0.12,,2021,9.0,18.0
222,0.07,7.9,0.15,0.25,4.48,1.76,,4130.0,0.11,,2021,9.0,19.0
223,0.1,14.3,0.23,0.16,4.4,2.04,,3431.0,0.13,,2021,9.0,22.0
224,0.06,11.2,0.17,0.17,5.2,2.16,212.0,2130.0,0.13,,2021,9.0,23.0
225,0.05,10.1,0.21,0.19,3.28,1.52,180.0,2167.0,0.12,,2021,9.0,24.0
226,0.07,11.8,0.19,0.18,3.53,1.58,,3962.0,0.16,,2021,9.0,25.0
227,0.08,12.1,0.22,0.17,3.64,1.78,,3985.0,0.14,,2021,9.0,26.0
228,0.1,7.24,0.17,0.17,3.8,1.34,,3963.0,0.12,,2021,9.0,27.0
229,0.15,7.55,0.22,0.19,4.05,1.44,,4021.0,0.12,,2021,9.0,28.0
230,0.11,16.4,0.38,0.11,5.07,2.06,150.0,5027.0,0.16,,2021,10.0,2.0
231,0.09,9.6,0.31,0.15,4.28,1.68,,3937.0,0.12,,2021,10.0,2.0
232,0.11,7.12,0.3,0.14,3.84,2.12,,4963.0,0.13,,2021,10.0,3.0
233,0.1,14.2,0.29,0.25,4.04,1.5,130.0,2019.0,0.13,,2021,10.0,9.0
234,0.09,11.6,0.31,0.21,4.04,1.62,140.0,3888.0,0.11,,2021,10.0,11.0
235,0.26,15.2,0.3,0.18,3.52,1.6,,4912.0,0.12,,2021,10.0,12.0
236,0.09,10.8,0.36,0.12,3.96,1.63,,4748.0,0.13,,2021,10.0,13.0
237,0.15,17.1,0.33,0.19,4.32,1.66,,4967.0,0.15,,2021,10.0,17.0
238,0.09,16.3,0.41,0.13,5.32,2.2,,4992.0,0.15,,2021,10.0,19.0
239,0.3,12.3,0.23,0.13,4.12,2.0,570.0,4853.0,0.15,,2021,10.0,22.0
240,0.21,16.9,0.33,0.14,4.16,2.0,,4698.0,0.15,,2021,10.0,23.0
241,0.3,13.5,0.25,0.13,4.08,2.04,,4808.0,0.15,,2021,10.0,24.0
242,0.15,11.0,0.33,0.14,4.0,2.0,,5036.0,0.15,,2021,10.0,26.0
243,0.19,16.2,0.25,0.16,3.92,1.94,,4947.0,0.15,,2021,10.0,27.0
244,0.21,10.4,0.4,0.19,3.6,1.84,213.0,4965.0,0.13,,2021,11.0,1.0
245,0.18,7.32,0.18,0.14,4.16,2.48,62.0,4963.0,0.13,,2021,11.0,1.0
246,0.18,11.2,0.23,0.18,3.64,1.86,,5232.0,0.12,,2021,11.0,3.0
247,0.11,9.87,0.15,0.22,3.96,2.08,,4892.0,0.13,,2021,11.0,7.0
248,0.08,9.84,0.24,0.16,4.04,2.12,48.0,4936.0,0.13,,2021,11.0,8.0
249,0.14,8.54,0.21,0.19,3.96,1.88,,4833.0,0.12,,2021,11.0,12.0
250,0.24,4.04,0.21,0.12,4.04,2.67,38.0,4781.0,0.15,,2021,11.0,15.0
251,0.13,6.14,0.18,0.15,3.84,1.94,,4786.0,0.16,,2021,11.0,17.0
252,0.08,8.16,0.25,0.16,3.62,1.96,36.0,4935.0,0.16,,2021,11.0,24.0
253,0.07,5.96,0.24,0.12,3.64,1.92,,4906.0,0.17,,2021,11.0,25.0
254,0.14,4.36,0.3,0.12,3.6,1.92,40.0,5026.0,0.16,,2021,11.0,26.0
255,0.12,5.89,0.22,0.15,3.53,1.83,,4905.0,0.17,,2021,11.0,28.0
256,0.12,5.92,0.34,0.16,4.16,1.96,12.0,2512.0,0.19,,2021,12.0,1.0
257,0.15,5.49,0.18,0.15,3.23,1.94,,2416.0,0.25,,2021,12.0,2.0
258,0.14,5.26,0.27,0.18,2.87,1.9,24.0,3411.0,0.17,,2021,12.0,2.0
259,0.13,9.0,0.15,0.11,3.36,1.94,,3955.0,0.06,,2021,12.0,3.0
260,0.17,4.89,0.22,0.16,3.04,1.88,,2400.0,0.2,,2021,12.0,3.0
261,0.13,4.42,0.21,0.12,3.36,1.96,23.0,2010.0,0.2,,2021,12.0,6.0
262,0.21,4.97,0.2,0.15,3.04,1.76,,2496.0,0.19,,2021,12.0,7.0
263,0.13,4.97,0.23,0.18,4.2,2.04,23.0,2592.0,0.19,,2021,12.0,8.0
264,0.08,5.71,0.22,0.18,4.4,2.12,,2602.0,0.19,,2021,12.0,9.0
265,0.11,5.88,0.2,0.17,4.04,2.04,,1640.0,0.21,,2021,12.0,12.0
266,0.24,5.92,0.22,0.14,3.89,1.95,15.0,2560.0,0.21,,2021,12.0,13.0
267,0.12,5.34,0.23,0.14,4.04,2.08,,2564.0,0.2,,2021,12.0,14.0
268,0.13,4.24,0.21,0.15,3.04,1.9,17.0,1984.0,0.2,,2021,12.0,15.0
269,0.11,5.24,0.2,0.14,2.64,1.76,,3601.0,0.18,,2021,12.0,16.0
270,0.15,5.49,0.18,0.15,3.23,1.94,17.0,5241.0,0.16,,2021,12.0,17.0
271,0.22,4.93,0.19,0.14,2.8,1.88,,5103.0,0.15,,2021,12.0,18.0
272,0.13,5.42,0.26,0.16,2.91,1.8,,4931.0,0.16,,2021,12.0,19.0
273,0.12,12.8,0.25,0.21,2.92,1.96,,3723.0,0.16,,2021,12.0,21.0
274,0.11,5.25,0.17,0.14,3.13,2.03,23.0,1259.0,0.16,,2021,12.0,22.0
275,0.12,4.4,0.17,0.18,2.84,1.88,,1416.0,0.17,,2021,12.0,23.0
276,0.14,7.2,0.2,0.15,3.22,2.02,,3681.0,0.17,,2021,12.0,24.0
277,0.15,8.92,0.2,0.19,3.1,2.56,38.0,4752.0,0.16,,2021,12.0,27.0
278,0.1,8.2,0.2,0.16,3.22,1.94,12.0,2110.0,0.15,,2021,12.0,28.0
279,0.18,8.83,0.2,0.15,3.12,1.76,15.0,3832.0,0.17,,2021,12.0,29.0
280,0.12,7.09,0.2,0.11,3.11,1.82,,2118.0,0.16,,2021,12.0,31.0
281,0.07,4.63,0.18,0.1,2.92,1.88,,3087.0,0.07,0.19,2022,1.0,1.0
282,0.15,4.61,0.18,0.11,3.2,1.8,,2146.0,0.15,0.1,2022,1.0,4.0
283,0.18,4.67,0.17,0.12,2.91,1.78,22.0,2178.0,0.18,0.11,2022,1.0,5.0
284,0.13,3.8,0.19,0.12,2.96,1.84,20.0,1812.0,0.13,0.18,2022,1.0,6.0
285,0.14,4.18,0.15,0.09,2.64,1.74,22.0,1791.0,0.14,0.17,2022,1.0,7.0
286,0.1,2.19,0.21,0.11,2.64,1.8,18.0,3689.0,0.1,0.18,2022,1.0,14.0
287,0.11,2.56,0.19,0.14,2.4,1.68,,2991.0,0.11,0.19,2022,1.0,18.0
288,0.11,4.42,0.23,0.15,2.67,1.78,21.0,1801.0,0.11,0.11,2022,1.0,24.0
289,0.17,4.1,0.23,0.16,2.7,1.72,,3381.0,0.17,0.18,2022,1.0,25.0
290,0.14,5.7,0.2,0.14,2.8,1.68,20.0,1837.0,0.14,0.14,2022,1.0,26.0
291,0.07,5.02,0.19,0.15,2.84,1.65,,3483.0,0.07,0.15,2022,1.0,28.0
292,0.08,3.52,0.3,0.13,2.44,1.52,,1457.0,0.08,0.16,2022,2.0,1.0
293,0.11,2.13,0.26,0.14,2.4,1.6,,3638.0,0.11,0.18,2022,2.0,1.0
294,0.1,2.56,0.19,0.17,2.55,1.61,,3384.0,0.1,0.14,2022,2.0,2.0
295,0.1,3.16,0.21,0.15,2.51,1.56,,3347.0,0.1,0.18,2022,2.0,4.0
296,0.17,1.57,0.22,0.17,2.45,1.6,15.0,1579.0,0.17,0.18,2022,2.0,6.0
297,0.14,2.16,0.18,0.15,2.4,1.64,,3466.0,0.14,0.11,2022,2.0,7.0
298,0.12,1.48,0.2,0.16,2.47,1.66,,2107.0,0.12,0.15,2022,2.0,8.0
299,0.11,1.5,0.29,0.13,2.48,1.64,12.0,3471.0,0.11,0.14,2022,2.0,9.0
300,0.08,1.58,0.28,0.17,2.48,1.68,,1572.0,0.08,0.15,2022,2.0,15.0
301,0.12,1.25,0.19,0.15,2.42,1.66,,3346.0,0.12,0.16,2022,2.0,21.0
302,0.1,1.78,0.28,0.14,2.48,1.68,,2042.0,0.1,0.19,2022,2.0,22.0
303,0.09,3.42,0.19,0.14,2.44,1.7,16.0,3696.0,0.09,0.15,2022,2.0,28.0
304,0.11,7.56,0.25,0.17,2.77,1.82,,3207.0,0.11,0.12,2022,3.0,1.0
305,0.07,4.76,0.18,0.13,2.28,1.84,12.0,1410.0,0.07,0.17,2022,3.0,2.0
306,0.1,4.7,0.28,0.16,2.6,1.68,12.0,1543.0,0.1,0.14,2022,3.0,3.0
307,0.11,5.9,0.17,0.13,2.24,1.9,16.0,3670.0,0.11,0.16,2022,3.0,4.0
308,0.09,7.26,0.18,0.17,2.57,1.62,28.0,3692.0,0.09,0.17,2022,3.0,7.0
309,0.08,5.54,0.19,0.14,2.67,1.7,10.0,3643.0,0.08,0.18,2022,3.0,8.0
310,0.1,5.6,0.22,0.18,2.68,1.76,28.0,4676.0,0.1,0.11,2022,3.0,9.0
311,0.07,8.28,0.17,0.15,2.56,1.65,,3698.0,0.07,0.18,2022,3.0,11.0
312,0.15,3.94,0.18,0.14,2.59,1.62,12.0,3392.0,0.15,0.17,2022,3.0,14.0
313,0.13,5.19,0.19,0.18,2.58,1.6,20.0,3657.0,0.13,0.13,2022,3.0,15.0
314,0.12,3.52,0.24,0.17,2.63,1.7,18.0,2204.0,0.12,0.19,2022,3.0,16.0
315,0.07,5.17,0.19,0.16,2.67,1.71,,1561.0,0.07,0.14,2022,3.0,17.0
316,0.13,3.69,0.19,0.18,2.98,1.7,,1911.0,0.13,0.2,2022,3.0,18.0
317,0.13,3.68,0.19,0.16,2.84,1.68,20.0,3531.0,0.13,0.14,2022,3.0,21.0
318,0.13,3.8,0.3,0.15,2.8,1.54,,3199.0,0.13,0.18,2022,3.0,22.0
319,0.1,5.61,0.29,0.15,2.76,1.58,21.0,3158.0,0.1,0.17,2022,3.0,23.0
320,0.13,4.2,0.28,0.16,2.72,1.52,,3385.0,0.13,0.11,2022,3.0,24.0
321,0.14,5.06,0.25,0.17,2.76,1.6,15.0,1092.0,0.14,0.15,2022,3.0,25.0
322,0.1,4.15,0.2,0.16,2.76,1.68,16.0,3229.0,0.1,0.18,2022,3.0,28.0
323,0.14,5.7,0.3,0.15,2.62,1.63,,3369.0,0.14,0.12,2022,3.0,29.0
324,0.11,4.6,0.29,0.17,2.68,1.65,29.0,1556.0,0.11,0.14,2022,4.0,1.0
325,0.08,7.35,0.27,0.17,2.96,1.76,,4896.0,0.08,0.12,2022,4.0,2.0
326,0.13,7.78,0.28,0.19,2.6,1.66,,3134.0,0.13,0.19,2022,4.0,6.0
327,0.16,5.47,0.27,0.17,2.68,1.65,22.0,4636.0,0.16,0.17,2022,4.0,7.0
328,0.1,7.9,0.23,0.17,2.9,1.6,16.0,4952.0,0.1,0.2,2022,4.0,13.0
329,0.07,8.3,0.2,0.19,2.92,1.66,,4816.0,0.07,0.13,2022,4.0,15.0
330,0.1,7.25,0.23,0.18,2.95,1.74,15.0,4896.0,0.1,0.15,2022,4.0,18.0
331,0.13,7.04,0.25,0.17,2.32,1.52,112.0,5050.0,0.13,0.2,2022,4.0,24.0
332,0.11,6.63,0.16,0.18,2.36,1.56,135.0,4854.0,0.11,0.13,2022,4.0,25.0
333,0.16,7.51,0.21,0.2,2.32,1.56,,4847.0,0.16,0.13,2022,4.0,26.0
334,0.22,10.19,0.18,0.18,2.36,1.58,,3837.0,0.22,0.14,2022,4.0,27.0
335,0.14,4.98,0.16,0.18,2.26,1.49,,4530.0,0.14,0.12,2022,5.0,1.0
336,0.14,5.65,0.24,0.19,2.32,1.65,,4532.0,0.14,0.12,2022,5.0,5.0
337,0.16,4.98,0.12,0.17,2.3,1.49,,4559.0,0.16,0.19,2022,5.0,12.0
338,0.17,6.1,0.06,0.2,2.48,1.62,142.0,4596.0,0.17,0.15,2022,5.0,13.0
339,0.12,6.02,0.07,0.21,2.24,1.56,,4505.0,0.12,0.16,2022,5.0,16.0
340,0.12,5.77,0.06,0.24,2.32,1.6,130.0,4600.0,0.12,0.13,2022,5.0,19.0
341,0.18,5.62,0.06,0.21,2.56,1.84,,4510.0,0.18,0.15,2022,5.0,24.0
342,0.11,10.5,0.07,0.2,2.32,1.52,,4575.0,0.11,0.18,2022,5.0,27.0
343,0.09,7.31,0.09,0.22,2.4,1.52,168.0,5129.0,0.09,0.16,2022,5.0,31.0
344,0.13,7.35,0.08,0.23,2.36,1.56,179.0,5014.0,0.13,0.19,2022,6.0,1.0
345,0.09,7.31,0.09,0.22,2.4,1.52,168.0,4607.0,0.09,0.11,2022,6.0,2.0
346,0.07,4.21,0.06,0.21,2.69,1.46,,5153.0,0.07,0.14,2022,6.0,2.0
347,0.2,7.14,0.09,0.16,2.32,1.32,,3752.0,0.2,0.11,2022,6.0,8.0
348,0.15,13.7,0.09,0.18,2.4,1.36,178.0,3869.0,0.15,0.11,2022,6.0,9.0
349,0.11,6.18,0.08,0.21,2.65,1.74,,2063.0,0.11,0.14,2022,6.0,14.0
350,0.11,20.9,0.08,0.2,2.68,1.72,,2028.0,0.11,0.12,2022,6.0,15.0
351,0.12,5.68,0.1,0.21,2.76,1.42,,2078.0,0.12,0.12,2022,6.0,16.0
352,0.12,4.41,0.08,0.2,2.28,1.48,296.0,5054.0,0.12,0.19,2022,6.0,21.0
353,0.08,6.65,0.06,0.23,2.32,1.52,280.0,2037.0,0.08,0.14,2022,6.0,23.0
354,0.11,6.7,0.07,0.22,2.4,1.56,,2080.0,0.11,0.19,2022,6.0,24.0
355,0.11,8.94,0.06,0.21,2.56,1.4,,2034.0,0.11,0.18,2022,7.0,1.0
356,0.12,4.46,0.09,0.2,2.4,1.36,234.0,1863.0,0.12,0.2,2022,7.0,2.0
357,,0.94,0.11,0.07,1.0,0.8,,3922.0,,0.15,2022,7.0,5.0
358,0.11,5.45,0.08,0.19,2.68,1.48,,1947.0,0.11,0.13,2022,7.0,6.0
359,0.11,61.8,0.11,0.24,5.01,1.53,,3964.0,0.11,0.12,2022,7.0,7.0
360,0.13,6.67,,0.29,2.6,1.58,37.0,3881.0,0.13,0.19,2022,7.0,12.0
361,0.16,5.88,0.11,0.23,2.64,1.56,310.0,3871.0,0.16,0.11,2022,7.0,13.0
362,0.1,6.39,0.09,0.22,2.2,1.4,,1966.0,0.1,0.12,2022,7.0,15.0
363,0.07,5.67,0.1,0.2,2.42,1.28,,1344.0,0.07,0.15,2022,7.0,18.0
364,0.13,4.97,0.07,0.19,2.4,1.32,230.0,3872.0,0.13,0.2,2022,7.0,19.0
365,0.11,5.65,0.08,0.21,2.44,1.4,,1885.0,0.11,0.12,2022,7.0,22.0
366,0.13,6.42,0.07,0.23,2.56,1.44,,2130.0,0.13,0.2,2022,7.0,26.0
367,0.11,5.5,0.1,0.2,2.56,1.48,410.0,1965.0,0.11,0.17,2022,7.0,28.0
368,0.13,5.72,0.1,0.21,2.52,1.52,,1898.0,0.13,0.2,2022,7.0,29.0
369,0.15,5.77,0.07,0.17,2.28,1.16,370.0,3849.0,0.15,0.13,2022,8.0,2.0
370,0.12,15.4,0.17,0.19,2.48,1.04,260.0,1977.0,0.12,0.14,2022,8.0,3.0
371,0.04,1.04,0.09,0.04,0.76,0.4,,1887.0,0.04,0.1,2022,8.0,4.0
372,0.14,4.43,0.14,0.17,2.42,1.13,210.0,1902.0,0.14,0.18,2022,8.0,9.0
373,0.1,11.6,0.09,0.18,2.44,1.2,,1887.0,0.1,0.13,2022,8.0,11.0
374,0.13,4.98,0.09,0.17,2.52,1.28,380.0,1874.0,0.13,0.16,2022,8.0,16.0
375,0.14,10.57,0.1,0.17,2.32,1.36,150.0,1846.0,0.14,0.19,2022,8.0,26.0
376,0.16,16.6,0.11,0.17,2.25,1.21,,3612.0,0.16,0.15,2022,8.0,28.0
377,0.12,14.2,0.13,0.16,2.2,1.08,210.0,2171.0,0.12,0.12,2022,8.0,29.0
378,0.1,15.9,0.15,0.16,2.59,1.29,170.0,3535.0,0.1,0.18,2022,9.0,2.0
379,0.07,11.8,0.09,0.14,2.45,1.23,,3667.0,0.07,0.18,2022,9.0,5.0
380,0.1,11.2,0.09,0.15,2.64,1.28,280.0,3677.0,0.1,0.18,2022,9.0,6.0
381,0.06,8.48,0.11,,,,,2012.0,0.06,0.19,2022,9.0,7.0
382,0.18,18.9,0.11,0.16,2.56,1.28,,4993.0,0.18,0.11,2022,9.0,9.0
383,0.12,17.8,0.1,0.17,2.48,1.32,,4940.0,0.12,0.2,2022,9.0,13.0
384,0.15,16.95,0.11,,,,,2089.0,0.15,0.16,2022,9.0,14.0
385,0.09,16.5,0.13,0.17,2.56,1.31,,3550.0,0.09,0.17,2022,9.0,19.0
386,0.09,13.6,0.08,0.17,2.74,1.26,280.0,3808.0,0.09,0.2,2022,9.0,27.0
387,0.16,18.2,0.11,0.16,2.22,1.2,200.0,2043.0,0.16,0.1,2022,10.0,1.0
388,0.16,16.6,0.11,0.17,2.25,1.21,,2088.0,0.16,0.15,2022,10.0,8.0
389,0.13,12.5,0.08,0.18,2.36,1.36,140.0,2038.0,0.13,0.1,2022,10.0,9.0
390,0.23,26.0,0.11,0.16,2.3,1.18,,3777.0,0.23,0.19,2022,10.0,11.0
391,0.11,12.7,0.1,0.16,2.34,1.45,,3586.0,0.11,0.13,2022,10.0,25.0
392,0.18,13.4,0.16,0.14,2.56,1.16,126.0,2072.0,0.18,0.18,2022,11.0,1.0
393,0.13,14.4,0.13,0.14,2.6,1.2,,3975.0,0.13,0.13,2022,11.0,2.0
394,0.11,8.76,0.1,0.16,2.58,1.37,,39652.0,0.11,0.19,2022,11.0,3.0
395,0.15,14.5,0.12,0.13,2.56,1.58,,3434.0,0.15,0.19,2022,11.0,4.0
396,0.12,14.2,0.14,0.15,2.66,1.44,,3956.0,0.12,0.15,2022,11.0,5.0
397,0.12,25.7,0.1,0.16,2.57,1.5,,5012.0,0.12,0.13,2022,11.0,7.0
398,0.18,8.35,0.14,0.15,2.64,1.52,,5032.0,0.18,0.17,2022,11.0,8.0
399,0.14,9.75,0.14,0.15,2.4,1.36,,3453.0,0.14,0.16,2022,11.0,11.0
400,0.13,24.2,0.09,0.14,2.32,1.44,,5021.0,0.13,0.18,2022,11.0,13.0
401,0.17,11.4,0.1,0.13,2.44,1.44,,,0.17,0.13,2022,11.0,15.0
402,,10.9,,0.16,2.29,,109.0,2115.0,,0.11,2022,11.0,16.0
403,0.15,12.8,0.1,0.16,2.16,1.44,130.0,,0.15,0.11,2022,11.0,21.0
404,0.12,10.7,0.13,0.17,2.02,1.54,159.0,2076.0,0.12,0.12,2022,11.0,22.0
405,0.13,9.09,0.08,0.15,2.28,1.44,,3455.0,0.13,0.17,2022,11.0,23.0
406,0.16,7.4,0.13,0.16,2.32,1.62,,3776.0,0.16,0.18,2022,11.0,24.0
407,0.13,8.6,0.09,0.14,2.39,1.56,,3632.0,0.13,0.17,2022,11.0,25.0
408,0.16,19.8,0.11,0.14,2.53,1.43,,3766.0,0.16,0.12,2022,11.0,26.0
409,0.21,15.0,0.14,0.15,2.4,1.48,,2031.0,0.21,0.17,2022,11.0,28.0
410,0.12,11.1,0.11,0.16,2.53,1.66,60.0,2048.0,0.12,0.11,2022,11.0,29.0
411,0.16,2.66,0.17,0.17,2.28,1.52,,3579.0,0.16,0.14,2022,12.0,2.0
412,0.109,5.2,0.15,0.14,2.36,1.56,,2031.0,0.109,0.1,2022,12.0,3.0
413,0.1,5.49,0.18,0.16,2.4,1.36,,3606.0,0.1,0.17,2022,12.0,5.0
414,0.05,0.16,0.11,0.05,1.04,0.32,1.0,3838.0,0.05,0.14,2022,12.0,6.0
415,0.13,4.13,0.14,0.15,2.2,1.56,,3616.0,0.13,0.17,2022,12.0,7.0
416,0.16,3.89,0.15,0.16,2.24,1.52,,3777.0,0.16,0.14,2022,12.0,8.0
417,0.13,3.68,0.16,0.14,2.41,1.55,,3718.0,0.13,0.12,2022,12.0,9.0
418,0.1,3.98,0.13,0.14,2.2,1.48,,3826.0,0.1,0.18,2022,12.0,11.0
419,0.14,4.03,0.17,0.14,2.4,1.52,60.0,1462.0,0.14,0.18,2022,12.0,12.0
420,0.1,3.21,0.12,0.14,2.3,1.42,42.0,3783.0,0.1,0.11,2022,12.0,13.0
421,0.11,4.01,0.12,0.13,2.28,1.36,,3761.0,0.11,0.17,2022,12.0,14.0
422,0.1,3.21,0.12,0.14,2.3,1.42,42.0,3781.0,0.1,0.12,2022,12.0,15.0
423,0.1,3.48,0.22,0.14,2.34,1.45,76.0,3676.0,0.1,0.18,2022,12.0,16.0
424,0.13,2.05,0.17,0.12,2.32,1.44,,3712.0,0.13,0.16,2022,12.0,17.0
425,0.15,2.8,0.14,0.16,2.36,1.47,,2019.0,0.15,0.14,2022,12.0,18.0
426,0.14,2.79,0.18,0.14,2.12,1.46,18.0,3164.0,0.14,0.17,2022,12.0,19.0
427,0.11,2.42,0.15,0.14,2.08,1.44,,3659.0,0.11,0.13,2022,12.0,21.0
428,0.08,2.84,0.14,0.13,2.2,1.36,20.0,3731.0,0.08,0.17,2022,12.0,22.0
429,0.1,5.15,0.2,0.16,2.3,1.5,20.0,3247.0,0.1,0.13,2022,12.0,28.0
430,0.1,4.76,0.16,0.14,2.34,1.56,,3680.0,0.1,0.12,2022,12.0,29.0
431,,,,,,,,,,0.16,2023,1.0,1.0
432,0.04,0.32,0.1,0.02,0.88,0.025,,2046.0,0.17,0.16,2023,1.0,1.0
433,,,,,,,,,,0.13,2023,1.0,2.0
434,,,,,,,,,,0.18,2023,1.0,2.0
435,0.08,6.41,0.14,0.13,2.26,1.7,32.0,1629.0,0.15,0.12,2023,1.0,3.0
436,,,,,,,,,,0.18,2023,1.0,3.0
437,,,,,,,,,,0.11,2023,1.0,4.0
438,0.17,4.87,0.12,0.15,2.16,1.6,,2019.0,0.2,0.11,2023,1.0,5.0
439,0.18,2.7,0.1,0.15,2.24,1.68,42.0,3675.0,0.17,0.19,2023,1.0,6.0
440,,,,,,,,,,0.18,2023,1.0,7.0
441,,,,,,,,,,0.16,2023,1.0,8.0
442,0.12,6.36,0.14,0.13,2.26,1.37,,2012.0,0.18,0.15,2023,1.0,9.0
443,0.16,7.56,0.14,0.15,2.06,1.08,,2066.0,0.16,0.18,2023,1.0,11.0
444,0.14,8.64,0.14,0.14,2.22,1.23,,3737.0,0.15,0.13,2023,1.0,12.0
445,,,,,,,,,,0.18,2023,1.0,13.0
446,0.11,14.4,0.16,0.15,2.2,1.16,,3323.0,0.16,0.14,2023,1.0,14.0
447,0.11,6.56,0.08,0.15,2.18,1.18,,3541.0,0.15,0.19,2023,1.0,15.0
448,,,,,,,,,,0.16,2023,1.0,16.0
449,0.11,2.67,0.15,0.13,2.12,1.48,42.0,3888.0,0.12,0.17,2023,1.0,17.0
450,,,,,,,,,,0.18,2023,1.0,18.0
451,0.16,4.12,0.12,0.14,2.08,1.23,36.0,3618.0,0.16,0.13,2023,1.0,19.0
452,0.15,3.05,0.16,0.13,2.04,1.24,,2089.0,0.18,0.15,2023,1.0,21.0
453,0.13,2.8,0.16,0.14,2.1,1.48,,,,0.19,2023,1.0,22.0
454,0.08,4.89,0.14,0.14,2.18,1.3,,,,0.16,2023,1.0,23.0
455,0.14,8.15,0.15,0.16,2.24,1.28,,,,0.2,2023,1.0,24.0
456,0.12,7.52,0.18,0.16,2.08,1.2,,,,0.15,2023,1.0,25.0
457,,,,,,,,,,0.13,2023,1.0,26.0
458,0.05,3.31,0.24,0.16,2.12,1.52,,,,0.15,2023,1.0,27.0
459,,,,,,,,,,0.17,2023,1.0,28.0
460,,,,,,,,,,0.19,2023,1.0,29.0
461,0.12,3.87,0.15,0.14,2.12,1.28,25.0,3515.0,0.15,0.19,2023,1.0,31.0
462,0.16,1.63,0.21,0.15,2.12,1.28,42.0,3205.0,0.16,0.12,2023,2.0,1.0
463,,,,,,,,3515.0,0.15,0.15,2023,2.0,1.0
464,0.12,2.17,0.1,0.14,2.11,1.32,,3672.0,0.15,0.11,2023,2.0,2.0
465,0.15,2.81,0.16,0.13,2.24,1.36,,2104.0,0.16,0.11,2023,2.0,2.0
466,,,,,,,,,,0.19,2023,2.0,3.0
467,,,,,,,,,,0.14,2023,2.0,4.0
468,,,,,,,,,,0.11,2023,2.0,5.0
469,0.15,2.58,0.14,0.17,2.26,1.31,22.0,1519.0,0.18,0.11,2023,2.0,6.0
470,0.14,2.48,0.08,0.13,2.04,1.16,26.0,3820.0,0.15,0.13,2023,2.0,7.0
471,0.16,1.62,0.11,0.15,2.02,1.13,,3659.0,0.17,0.14,2023,2.0,8.0
472,,,,,,,,,,0.18,2023,2.0,9.0
473,0.18,1.33,0.16,0.14,2.08,1.24,,3783.0,0.15,0.2,2023,2.0,11.0
474,0.11,1.6,0.12,0.14,2.16,1.28,,3413.0,0.15,0.13,2023,2.0,12.0
475,0.22,2.75,0.12,0.14,2.28,1.32,,2028.0,0.19,0.1,2023,2.0,13.0
476,0.12,4.38,0.12,0.14,2.12,1.28,25.0,3771.0,0.15,0.12,2023,2.0,14.0
477,0.11,2.1,0.15,0.13,2.2,1.32,46.0,3135.0,0.19,0.19,2023,2.0,15.0
478,0.14,1.79,0.1,0.15,2.26,1.53,,3093.0,0.15,0.15,2023,2.0,16.0
479,0.2,2.14,0.16,0.14,2.2,1.48,,3536.0,0.15,0.18,2023,2.0,17.0
480,,,,,,,,,,0.15,2023,2.0,18.0
481,0.1,2.32,0.11,0.12,2.24,1.4,,3665.0,0.15,0.18,2023,2.0,19.0
482,0.13,4.72,0.15,0.14,2.2,1.28,40.0,3677.0,0.15,0.19,2023,2.0,21.0
483,0.18,3.85,0.16,0.15,2.24,1.32,18.0,3511.0,0.15,0.15,2023,2.0,22.0
484,0.13,3.31,0.15,0.11,2.28,1.37,70.0,5115.0,0.14,0.19,2023,2.0,23.0
485,0.12,6.26,0.28,0.13,2.2,1.28,,3668.0,0.15,0.17,2023,2.0,24.0
486,0.07,5.63,0.1,0.13,2.22,1.31,,3641.0,0.15,0.18,2023,2.0,25.0
487,,,,,,,,,,0.16,2023,2.0,26.0
488,0.13,5.49,0.11,0.13,2.24,1.36,39.0,4635.0,0.15,0.12,2023,2.0,27.0
489,0.11,7.58,0.1,0.14,2.28,1.28,,4798.0,0.15,0.13,2023,2.0,28.0
490,0.13,6.72,0.14,0.16,2.48,1.39,,4856.0,0.15,0.16,2023,3.0,1.0
491,0.1,4.96,0.11,0.15,2.4,1.48,,4827.0,0.15,0.19,2023,3.0,1.0
492,0.08,7.08,0.12,0.16,2.38,1.44,,4812.0,0.15,0.11,2023,3.0,2.0
493,0.11,5.86,0.12,0.14,2.24,1.44,,4952.0,0.15,0.14,2023,3.0,2.0
494,0.11,7.23,0.2,0.15,2.28,1.32,32.0,3046.0,0.2,0.16,2023,3.0,3.0
495,0.09,5.24,0.1,0.14,2.3,1.35,,4552.0,0.16,0.16,2023,3.0,3.0
496,0.15,7.08,0.12,0.16,2.38,1.44,90.0,4630.0,0.15,0.18,2023,3.0,4.0
497,0.16,15.0,0.15,0.14,2.24,1.32,36.0,4790.0,0.16,0.11,2023,3.0,5.0
498,0.13,5.4,0.11,0.13,2.18,1.45,45.0,4901.0,0.15,0.1,2023,3.0,6.0
499,0.11,4.92,0.12,0.15,2.24,1.4,,4957.0,0.15,0.16,2023,3.0,7.0
500,0.12,8.21,0.14,0.17,2.48,1.44,,3728.0,0.17,0.13,2023,3.0,8.0
501,0.14,5.42,0.13,0.16,2.5,1.41,40.0,4668.0,0.16,0.18,2023,3.0,9.0
502,0.15,9.02,0.09,0.16,2.28,1.39,,1939.0,0.18,0.17,2023,3.0,11.0
503,,,,,,,,,,0.11,2023,3.0,12.0
504,0.12,3.46,0.15,0.14,2.4,1.4,45.0,4856.0,0.15,0.12,2023,3.0,13.0
505,0.15,3.1,0.1,0.13,2.4,1.4,48.0,4928.0,0.16,0.11,2023,3.0,14.0
506,0.12,3.22,0.17,0.14,2.32,1.5,,3980.0,0.15,0.19,2023,3.0,15.0
507,0.11,9.46,0.1,0.14,2.28,1.44,,3636.0,0.17,0.17,2023,3.0,16.0
508,,,,,,,,,,0.14,2023,3.0,17.0
509,0.12,8.21,0.14,0.17,2.48,1.44,50.0,3744.0,0.16,0.15,2023,3.0,18.0
510,0.1,4.9,0.1,0.13,2.42,1.41,,4887.0,0.15,0.17,2023,3.0,19.0
511,0.1,4.4,0.18,0.15,2.32,1.52,,4803.0,0.17,0.12,2023,3.0,21.0
512,0.11,4.6,0.15,0.14,2.36,1.52,27.0,4741.0,0.15,0.13,2023,3.0,22.0
513,0.16,5.69,0.16,0.15,2.28,1.47,22.0,3721.0,0.16,0.2,2023,3.0,23.0
514,0.12,6.55,0.17,0.13,2.32,1.5,25.0,4758.0,0.15,0.13,2023,3.0,24.0
515,0.12,4.82,0.14,0.12,2.2,1.48,,3152.0,0.16,0.17,2023,3.0,25.0
516,0.08,5.56,0.24,0.14,2.4,1.56,,3566.0,0.16,0.16,2023,3.0,26.0
517,0.1,3.79,0.11,0.15,2.3,1.45,,4879.0,0.15,0.2,2023,3.0,27.0
518,0.12,4.7,0.2,0.14,2.16,1.28,,4870.0,0.16,0.1,2023,3.0,28.0
519,0.12,8.39,0.1,0.13,2.26,1.37,40.0,4851.0,0.15,0.16,2023,3.0,29.0
520,0.1,11.2,0.17,0.15,2.04,1.28,,4726.0,0.15,0.11,2023,3.0,31.0
521,,,,,,,,3264.0,0.16,0.1,2023,4.0,1.0
522,,,,,,,37.0,3911.0,0.17,0.18,2023,4.0,1.0
523,0.1,6.0,0.09,0.2,2.08,1.24,60.0,3139.0,0.15,0.15,2023,4.0,2.0
524,0.11,20.8,0.09,0.14,2.36,1.28,45.0,3477.0,0.16,0.11,2023,4.0,2.0
525,,,,,,,,,,0.14,2023,4.0,3.0
526,,,,,,,,,,0.19,2023,4.0,3.0
527,0.13,8.03,0.1,0.14,2.36,1.28,66.0,3022.0,0.17,0.12,2023,4.0,4.0
528,0.13,10.6,0.09,0.16,2.42,1.41,,3038.0,0.18,0.18,2023,4.0,5.0
529,0.15,16.2,0.1,0.14,2.04,1.36,,3579.0,0.17,0.19,2023,4.0,6.0
530,0.11,18.5,0.2,0.16,2.28,1.41,,4654.0,0.15,0.17,2023,4.0,7.0
531,0.13,17.8,0.18,0.14,2.35,1.36,,3718.0,0.17,0.13,2023,4.0,8.0
532,,,,,,,,,,0.12,2023,4.0,9.0
533,0.12,8.03,0.1,0.18,2.26,1.37,,3649.0,0.16,0.15,2023,4.0,11.0
534,0.12,9.54,0.16,0.17,2.28,1.4,42.0,3221.0,0.16,0.18,2023,4.0,12.0
535,,,,,,,,,,0.19,2023,4.0,13.0
536,0.11,7.63,0.16,0.16,2.3,1.42,,4737.0,0.02,0.15,2023,4.0,14.0
537,0.12,6.55,0.1,0.16,2.36,1.32,,3484.0,0.16,0.2,2023,4.0,15.0
538,,,,,,,,,,0.1,2023,4.0,16.0
539,,,,,,,52.0,3705.0,0.16,0.15,2023,4.0,17.0
540,0.12,4.14,0.2,0.17,2.02,1.29,74.0,3170.0,0.17,0.15,2023,4.0,18.0
541,0.11,12.2,0.13,0.19,2.12,1.24,56.0,3728.0,0.16,0.11,2023,4.0,19.0
542,0.12,16.3,0.14,0.17,2.16,1.28,68.0,3699.0,0.15,0.12,2023,4.0,21.0
543,0.12,15.9,0.14,0.18,2.12,1.24,,3675.0,1.5,0.18,2023,4.0,22.0
544,0.12,17.4,0.13,0.17,2.24,1.32,40.0,4892.0,0.15,0.11,2023,4.0,23.0
545,0.13,5.08,0.16,0.19,2.26,1.36,,5015.0,0.15,0.12,2023,4.0,24.0
546,0.11,3.84,0.12,0.18,2.21,1.33,72.0,3769.0,0.16,0.13,2023,4.0,25.0
547,,,,,,,65.0,5.07,0.15,0.17,2023,4.0,26.0
548,0.1,4.1,0.15,0.17,2.2,1.4,126.0,5001.0,0.15,0.11,2023,4.0,27.0
549,0.1,3.09,0.1,0.17,2.18,1.37,,4967.0,0.15,0.11,2023,4.0,28.0
550,0.12,7.89,0.1,0.18,2.17,1.38,,3236.0,0.15,0.15,2023,4.0,29.0
551,0.1,4.15,0.13,0.21,2.16,1.36,,4736.0,0.15,0.13,2023,5.0,1.0
552,,,,,,,88.0,4857.0,0.15,0.1,2023,5.0,1.0
553,0.1,5.44,0.14,0.18,2.42,1.41,,3668.0,0.16,0.18,2023,5.0,2.0
554,,,,,,,,,,0.16,2023,5.0,2.0
555,0.15,7.97,0.1,0.18,2.28,1.46,104.0,3861.0,0.15,0.14,2023,5.0,3.0
556,0.1,4.95,0.1,0.2,2.4,1.44,,3133.0,0.16,0.12,2023,5.0,3.0
557,0.1,3.73,0.18,0.19,2.28,1.2,,1532.0,0.21,0.19,2023,5.0,4.0
558,0.1,3.73,0.18,0.19,2.28,1.2,71.0,3780.0,0.16,0.16,2023,5.0,5.0
559,0.15,4.55,0.11,0.18,2.3,1.29,96.0,3359.0,0.16,0.13,2023,5.0,6.0
560,0.1,4.98,0.1,0.19,2.42,1.37,,4745.0,0.16,0.18,2023,5.0,7.0
561,0.1,4.67,0.1,0.19,2.56,1.4,,4919.0,0.15,0.11,2023,5.0,8.0
562,0.08,13.8,0.12,0.2,2.6,1.44,92.0,4889.0,0.15,0.17,2023,5.0,9.0
563,0.06,12.1,0.16,0.18,2.57,1.46,,4933.0,0.15,0.18,2023,5.0,11.0
564,0.07,12.1,0.16,0.17,2.36,1.44,,4629.0,0.15,0.17,2023,5.0,12.0
565,0.09,11.8,0.18,0.2,2.4,1.48,,2948.0,0.17,0.13,2023,5.0,13.0
566,0.13,5.25,0.12,0.21,2.54,1.45,,3509.0,0.16,0.18,2023,5.0,14.0
567,0.1,5.11,0.1,0.19,2.48,1.36,124.0,4801.0,0.15,0.19,2023,5.0,15.0
568,0.11,4.32,0.09,0.2,2.44,1.31,138.0,4967.0,0.15,0.11,2023,5.0,16.0
569,0.16,6.56,0.18,0.2,2.4,1.28,110.0,4851.0,0.15,0.17,2023,5.0,17.0
570,0.23,17.08,0.17,0.21,2.36,1.35,,1997.0,0.17,0.16,2023,5.0,18.0
571,0.18,11.1,0.13,0.19,2.44,1.44,90.0,3756.0,0.17,0.19,2023,5.0,19.0
572,0.1,14.6,0.15,0.17,2.36,1.36,,4912.0,0.16,0.18,2023,5.0,21.0
573,0.08,10.6,0.21,0.19,2.4,1.48,155.0,4950.0,0.15,0.15,2023,5.0,22.0
574,0.11,9.04,0.2,0.17,2.44,1.44,160.0,4872.0,0.15,0.16,2023,5.0,23.0
575,0.07,10.8,0.18,0.2,2.4,1.36,,4863.0,0.15,0.2,2023,5.0,24.0
576,0.06,5.3,0.14,0.21,2.24,1.44,,4981.0,0.15,0.18,2023,5.0,25.0
577,,,,,,,,,,0.15,2023,5.0,26.0
578,,,,,,,,,,0.19,2023,5.0,27.0
579,,,,,,,,,,0.17,2023,5.0,28.0
580,0.16,5.85,0.14,0.21,2.24,1.44,102.0,3925.0,0.16,0.14,2023,5.0,29.0
581,0.13,9.49,0.12,0.18,2.32,1.44,140.0,3821.0,0.15,0.15,2023,5.0,31.0
582,0.19,10.2,0.13,0.2,2.36,1.48,,3821.0,0.15,0.14,2023,6.0,1.0
583,0.16,6.18,0.09,0.2,2.32,1.44,,5025.0,0.15,0.18,2023,6.0,1.0
584,0.09,5.52,0.09,0.21,2.37,1.5,160.0,3767.0,0.15,0.18,2023,6.0,2.0
585,0.11,8.78,0.1,0.21,2.3,1.45,138.0,4989.0,0.13,0.12,2023,6.0,2.0
586,,,,,,,,,,0.14,2023,6.0,3.0
587,0.13,6.05,0.1,0.22,2.46,1.45,,5011.0,0.14,0.17,2023,6.0,3.0
588,0.12,5.3,0.1,0.2,2.36,1.4,,3845.0,0.15,0.13,2023,6.0,4.0
589,0.1,3.9,0.09,0.21,2.4,1.4,98.0,4959.0,0.14,0.17,2023,6.0,5.0
590,0.12,2.9,0.1,0.21,2.3,1.42,130.0,3837.0,0.16,0.13,2023,6.0,6.0
591,0.15,5.34,0.2,0.18,2.32,1.36,,5008.0,0.14,0.14,2023,6.0,7.0
592,0.12,4.87,0.12,0.22,2.32,1.44,118.0,4827.0,0.16,0.2,2023,6.0,8.0
593,0.15,4.23,0.11,0.2,2.36,1.48,110.0,4981.0,0.15,0.14,2023,6.0,9.0
594,0.09,6.56,0.16,0.2,2.28,1.41,,4926.0,0.15,0.19,2023,6.0,11.0
595,0.16,8.53,0.17,0.21,2.3,1.44,120.0,3927.0,0.15,0.13,2023,6.0,12.0
596,0.14,7.13,0.14,0.22,2.44,1.52,,3631.0,0.16,0.17,2023,6.0,13.0
597,0.18,13.9,0.09,0.2,2.52,1.56,,5065.0,0.15,0.15,2023,6.0,14.0
598,0.14,7.13,0.14,0.22,2.44,1.52,140.0,4956.0,0.14,0.15,2023,6.0,15.0
599,0.14,10.4,0.08,0.2,2.52,1.58,150.0,4936.0,0.15,0.17,2023,6.0,16.0
600,,,,,,,,,,0.11,2023,6.0,17.0
601,0.15,12.2,0.09,0.2,2.48,1.54,,4959.0,0.15,0.11,2023,6.0,18.0
602,0.1,17.3,0.08,0.21,2.4,1.52,140.0,3687.0,0.16,0.13,2023,6.0,19.0
603,0.12,6.25,0.1,0.2,2.4,1.52,660.0,4973.0,0.18,0.14,2023,6.0,21.0
604,0.1,8.11,0.07,0.22,2.44,1.52,,3733.0,0.18,0.13,2023,6.0,22.0
605,0.1,12.3,0.08,0.22,2.46,1.56,,5047.0,0.16,0.12,2023,6.0,23.0
606,0.1,9.66,0.1,0.2,2.44,1.6,,4910.0,0.15,0.15,2023,6.0,24.0
607,0.1,3.58,0.09,0.22,2.4,1.52,,5045.0,0.15,0.16,2023,6.0,25.0
608,0.14,6.15,0.11,0.21,2.48,1.56,,3661.0,0.15,0.14,2023,6.0,26.0
609,0.14,4.51,0.2,0.22,2.4,1.52,620.0,2964.0,0.15,0.15,2023,6.0,27.0
610,0.14,5.62,0.18,0.24,2.32,1.48,,3796.0,0.17,0.2,2023,6.0,28.0
611,0.12,7.71,0.11,0.23,2.44,1.54,,3706.0,0.17,0.15,2023,6.0,29.0
612,0.11,10.2,0.1,0.22,2.48,1.48,760.0,,,0.11,2023,7.0,1.0
613,,,,,,,,,,0.15,2023,7.0,1.0
614,0.12,6.65,0.08,0.23,2.52,1.6,,,,0.11,2023,7.0,2.0
615,0.12,4.71,0.13,0.23,2.36,1.52,810.0,,,0.17,2023,7.0,2.0
616,0.15,4.51,0.09,0.23,2.5,1.55,,,,0.17,2023,7.0,3.0
617,0.1,10.65,0.1,0.24,2.5,1.49,,,,0.19,2023,7.0,3.0
618,0.11,2.93,0.09,0.21,2.4,1.44,720.0,,,0.17,2023,7.0,4.0
619,,,,,,,,,,0.15,2023,7.0,5.0
620,0.13,10.5,0.1,0.21,2.52,1.5,700.0,,,0.17,2023,7.0,6.0
621,,,,,,,450.0,,,0.13,2023,7.0,7.0
622,0.15,9.96,0.14,0.23,2.44,1.46,,,,0.16,2023,7.0,8.0
623,0.1,13.9,0.09,0.23,2.47,1.58,,,,0.14,2023,7.0,9.0
624,0.12,7.95,0.13,0.24,2.52,1.52,,,,0.15,2023,7.0,11.0
625,0.09,3.54,0.15,0.23,2.56,1.6,820.0,,,0.12,2023,7.0,12.0
626,0.13,8.03,0.15,0.23,2.34,1.44,880.0,,,0.15,2023,7.0,13.0
627,0.1,13.2,0.1,0.24,2.44,1.36,,,,0.11,2023,7.0,14.0
628,0.05,11.1,0.14,0.18,2.48,1.38,,,,0.19,2023,7.0,15.0
629,,,,,,,,,,0.12,2023,7.0,16.0
630,0.13,5.54,0.14,0.22,2.42,1.37,860.0,,,0.15,2023,7.0,17.0
631,0.12,5.49,0.15,0.23,2.4,1.48,,,,0.12,2023,7.0,18.0
632,0.1,4.87,0.14,0.22,2.52,1.48,,,,0.14,2023,7.0,19.0
633,0.11,4.1,0.14,0.22,2.36,1.48,680.0,,,0.13,2023,7.0,21.0
634,0.12,27.1,0.14,0.21,2.48,1.48,,,,0.16,2023,7.0,22.0
635,0.11,12.3,0.08,0.22,2.42,1.41,,,,0.16,2023,7.0,23.0
636,0.16,13.4,0.13,0.21,2.5,1.44,,,,0.12,2023,7.0,24.0
637,0.11,5.12,0.1,0.24,2.48,1.46,,,,0.2,2023,7.0,25.0
638,,,,,,,850.0,,,0.15,2023,7.0,26.0
639,0.09,4.1,0.14,0.23,2.36,1.48,530.0,,,0.15,2023,7.0,27.0
640,0.1,13.1,0.1,0.24,2.64,1.56,660.0,,,0.17,2023,7.0,28.0
641,0.15,7.45,0.09,0.24,2.52,1.52,,,,0.11,2023,7.0,29.0
642,0.17,9.1,0.13,0.23,2.58,1.57,820.0,,,0.16,2023,7.0,31.0
643,0.12,12.7,0.11,0.24,2.68,1.6,,,,0.18,2023,8.0,1.0
644,0.14,12.5,0.08,0.23,2.68,1.52,550.0,,,0.1,2023,8.0,1.0
645,0.11,10.9,0.11,0.23,2.56,1.52,880.0,,,0.17,2023,8.0,2.0
646,0.1,16.1,0.09,0.24,2.96,1.52,,,,0.17,2023,8.0,2.0
647,0.22,6.33,0.11,0.23,2.48,1.56,900.0,,,0.11,2023,8.0,3.0
648,0.12,17.8,0.1,0.23,3.0,1.6,760.0,,,0.17,2023,8.0,3.0
649,0.1,5.25,0.13,0.22,2.52,1.52,,,,0.12,2023,8.0,4.0
650,0.08,6.05,0.15,0.24,2.48,1.56,,,,0.19,2023,8.0,5.0
651,,,,,,,,,,0.14,2023,8.0,6.0
652,,,,,,,,,,0.14,2023,8.0,7.0
653,0.12,7.25,0.12,0.21,2.88,1.44,,,,0.18,2023,8.0,8.0
654,,,,,,,570.0,,,0.16,2023,8.0,9.0
655,0.11,14.6,0.11,0.21,2.64,1.5,760.0,,,0.14,2023,8.0,11.0
656,0.12,14.5,0.31,0.2,2.8,1.6,,,,0.16,2023,8.0,12.0
657,0.14,12.9,0.13,0.18,2.68,1.56,,,,0.1,2023,8.0,13.0
658,,,,,,,560.0,,,0.17,2023,8.0,14.0
659,,,,,,,,,,0.18,2023,8.0,15.0
660,0.18,14.6,0.1,0.21,3.08,1.52,850.0,,,0.2,2023,8.0,16.0
661,0.24,7.35,0.09,0.22,3.07,1.53,900.0,,,0.18,2023,8.0,17.0
662,0.13,5.37,0.09,0.22,2.96,1.52,830.0,,,0.15,2023,8.0,18.0
663,0.11,11.7,0.13,0.25,3.04,1.6,,,,0.12,2023,8.0,19.0
664,0.2,17.4,0.14,0.24,3.04,1.64,890.0,,,0.11,2023,8.0,21.0
665,0.1,8.6,0.16,0.23,3.28,1.48,,,,0.17,2023,8.0,22.0
666,0.09,7.75,0.12,0.24,3.2,1.48,,,,0.2,2023,8.0,23.0
667,0.12,14.2,0.13,0.24,3.2,1.48,,,,0.17,2023,8.0,24.0
668,0.15,16.9,0.13,0.23,3.08,1.44,,,,0.17,2023,8.0,25.0
669,,,,,,,,,,0.14,2023,8.0,26.0
670,0.06,18.7,0.16,0.26,3.0,1.48,,,,0.14,2023,8.0,27.0
671,0.1,16.3,0.22,0.22,3.8,1.62,450.0,,,0.16,2023,8.0,28.0
672,0.2,12.4,0.13,0.24,3.04,1.56,,,,0.16,2023,8.0,29.0
673,0.16,20.7,0.1,0.28,3.15,1.7,780.0,,,0.19,2023,8.0,31.0
674,0.13,17.2,0.12,0.26,3.07,1.62,650.0,,,0.18,2023,9.0,1.0
675,0.18,11.0,0.11,0.22,3.68,1.76,,,,0.16,2023,9.0,1.0
676,0.14,19.1,0.14,0.26,3.06,1.7,,,,0.17,2023,9.0,2.0
677,0.18,15.5,0.13,0.16,3.58,1.68,690.0,,,0.1,2023,9.0,2.0
678,,,,,,,,,,0.19,2023,9.0,3.0
679,0.12,19.2,0.13,0.25,3.04,1.84,,,,0.17,2023,9.0,3.0
680,0.13,18.5,0.12,0.21,3.36,1.76,640.0,,,0.19,2023,9.0,4.0
681,0.1,8.32,0.14,0.19,3.8,1.92,,,,0.16,2023,9.0,5.0
682,0.08,11.9,0.15,0.21,3.68,1.84,800.0,,,0.12,2023,9.0,6.0
683,0.19,11.8,0.11,0.2,3.65,1.72,820.0,,,0.18,2023,9.0,7.0
684,0.1,11.6,0.14,0.21,3.72,1.8,820.0,,,0.2,2023,9.0,8.0
685,0.08,11.3,0.12,0.2,3.59,1.69,,,,0.13,2023,9.0,9.0
686,0.2,8.11,0.12,0.21,3.6,1.72,800.0,,,0.18,2023,9.0,11.0
687,0.14,7.82,0.16,0.21,3.52,1.68,,,,0.13,2023,9.0,12.0
688,0.09,14.7,0.14,0.22,3.4,1.64,,,,0.11,2023,9.0,13.0
689,0.07,18.6,0.16,0.21,3.17,1.71,,,,0.16,2023,9.0,14.0
690,,,,,,,,,,0.2,2023,9.0,15.0
691,,,,,,,,,,0.13,2023,9.0,16.0
692,0.12,23.8,0.12,0.26,3.36,1.64,,,,0.18,2023,9.0,17.0
693,0.1,10.7,0.16,0.23,3.2,1.76,700.0,,,0.13,2023,9.0,18.0
694,0.18,10.3,0.11,0.21,3.96,1.76,820.0,,,0.17,2023,9.0,19.0
695,0.12,16.4,0.15,0.19,3.64,1.66,650.0,,,0.17,2023,9.0,21.0
696,0.16,21.6,0.11,0.22,3.44,1.6,,,,0.11,2023,9.0,22.0
697,0.11,13.8,0.12,0.2,3.6,1.72,,,,0.19,2023,9.0,23.0
698,0.14,18.9,0.13,0.2,3.36,1.64,,,,0.15,2023,9.0,24.0
699,0.1,12.6,0.11,0.18,3.36,1.68,670.0,,,0.14,2023,9.0,25.0
700,0.09,13.2,0.16,0.2,3.2,1.6,,,,0.14,2023,9.0,26.0
701,0.08,13.4,0.13,0.2,3.22,1.58,550.0,,,0.18,2023,9.0,27.0
702,0.14,19.1,0.11,0.19,3.88,1.62,,,,0.18,2023,9.0,28.0
703,0.12,12.5,0.13,0.2,3.6,1.62,,,,0.15,2023,9.0,29.0
704,0.13,17.8,0.14,0.17,3.8,1.64,600.0,4938.0,0.15,0.12,2023,10.0,1.0
705,0.1,12.4,0.11,0.19,3.8,1.62,,4985.0,0.15,0.15,2023,10.0,1.0
706,0.1,12.4,0.11,0.19,3.8,1.62,,5074.0,0.15,0.19,2023,10.0,2.0
707,0.12,17.8,0.14,0.18,4.48,1.68,580.0,4927.0,0.15,0.12,2023,10.0,2.0
708,0.11,13.3,0.14,0.19,3.68,1.68,,5029.0,0.15,0.11,2023,10.0,3.0
709,0.17,13.4,0.11,0.16,3.48,1.44,550.0,4962.0,0.15,0.13,2023,10.0,3.0
710,0.11,13.3,0.14,0.19,3.68,1.68,,4985.0,0.15,0.14,2023,10.0,4.0
711,0.11,11.69,0.13,0.18,3.36,1.52,,4951.0,0.15,0.16,2023,10.0,5.0
712,0.17,16.2,0.19,0.23,3.72,1.5,,4806.0,0.15,0.17,2023,10.0,6.0
713,0.12,16.5,0.09,0.2,3.68,1.48,610.0,5008.0,0.16,0.16,2023,10.0,7.0
714,0.17,13.7,0.11,0.19,3.28,1.52,740.0,4942.0,0.15,0.16,2023,10.0,8.0
715,0.14,16.5,0.16,0.21,3.88,1.6,,3787.0,0.18,0.16,2023,10.0,9.0
716,0.09,13.5,0.09,0.18,3.32,1.72,660.0,3428.0,0.15,0.18,2023,10.0,11.0
717,0.15,19.2,0.11,0.19,4.39,1.7,,4969.0,0.15,0.18,2023,10.0,12.0
718,0.2,24.6,0.12,0.2,4.04,1.68,650.0,4807.0,0.15,0.12,2023,10.0,13.0
719,,,,,,,,,,0.13,2023,10.0,14.0
720,0.11,23.2,0.12,0.19,4.32,1.76,,4926.0,0.15,0.15,2023,10.0,15.0
721,,,,,,,720.0,4835.0,0.15,0.11,2023,10.0,16.0
722,0.08,9.09,0.18,0.19,4.56,1.56,350.0,4951.0,0.15,0.15,2023,10.0,17.0
723,0.18,10.6,0.2,0.2,4.68,1.68,700.0,4998.0,0.15,0.18,2023,10.0,18.0
724,0.18,13.3,0.13,0.18,4.64,1.72,690.0,4927.0,0.15,0.11,2023,10.0,19.0
725,0.15,18.6,0.18,0.19,4.38,1.79,,4865.0,0.15,0.12,2023,10.0,21.0
726,0.08,18.0,0.14,0.2,3.6,1.76,,3827.0,0.17,0.12,2023,10.0,22.0
727,0.09,13.5,0.09,0.18,3.32,1.72,510.0,5010.0,0.15,0.14,2023,10.0,23.0
728,0.07,11.9,0.16,0.18,3.36,1.76,655.0,4941.0,0.16,0.15,2023,10.0,24.0
729,0.1,10.6,0.15,0.16,3.3,1.73,570.0,4958.0,0.15,0.19,2023,10.0,25.0
730,0.1,11.8,0.17,0.19,3.44,1.72,550.0,4822.0,0.15,0.19,2023,10.0,26.0
731,0.11,13.4,0.14,0.16,3.4,1.68,,4949.0,0.15,0.16,2023,10.0,27.0
732,0.11,15.5,0.12,0.18,3.4,1.8,,4856.0,0.15,0.1,2023,10.0,28.0
733,,,,,,,,,,0.19,2023,10.0,29.0
734,0.12,8.05,0.15,0.18,3.6,1.36,680.0,3345.0,0.19,0.13,2023,10.0,31.0
735,0.12,9.45,0.16,0.2,3.64,1.44,560.0,4963.0,0.15,0.13,2023,11.0,1.0
736,0.18,32.6,0.13,0.15,3.56,1.76,410.0,3526.0,0.18,0.14,2023,11.0,1.0
737,0.16,9.38,0.11,0.17,3.58,1.64,,3706.0,0.18,0.14,2023,11.0,2.0
738,0.17,6.05,0.13,0.17,3.0,1.72,400.0,4655.0,0.18,0.2,2023,11.0,2.0
739,0.19,15.5,0.15,0.16,3.6,1.72,570.0,3614.0,0.18,0.2,2023,11.0,3.0
740,0.16,7.19,0.13,0.14,2.96,1.72,,3661.0,0.18,0.11,2023,11.0,3.0
741,,,,,,,,,,0.11,2023,11.0,4.0
742,0.2,23.5,0.11,0.15,3.52,1.68,,3541.0,0.19,0.12,2023,11.0,5.0
743,0.18,16.1,0.11,0.16,3.24,1.63,520.0,3633.0,0.19,0.16,2023,11.0,6.0
744,0.17,16.3,0.11,0.18,3.76,1.67,480.0,2192.0,0.23,0.15,2023,11.0,7.0
745,0.18,19.7,0.13,0.19,3.6,1.68,,3492.0,0.2,0.18,2023,11.0,8.0
746,0.17,19.2,0.14,0.16,3.57,1.66,400.0,2140.0,0.2,0.2,2023,11.0,9.0
747,0.23,24.0,0.13,0.16,3.5,1.72,,3573.0,0.18,0.17,2023,11.0,11.0
748,0.12,28.7,0.17,0.17,3.36,1.72,,3617.0,0.15,0.1,2023,11.0,12.0
749,0.14,21.8,0.17,0.15,3.52,1.92,,2992.0,0.18,0.11,2023,11.0,13.0
750,0.15,10.2,0.16,0.16,3.2,1.68,,3615.0,0.17,0.2,2023,11.0,14.0
751,0.12,16.3,0.16,0.16,3.28,1.72,,3533.0,0.17,0.11,2023,11.0,15.0
752,0.19,14.7,0.16,0.16,3.36,1.64,280.0,4735.0,0.16,0.12,2023,11.0,16.0
753,0.19,13.9,0.14,0.15,3.32,1.8,320.0,3638.0,0.19,0.11,2023,11.0,17.0
754,0.19,16.8,0.15,0.17,3.52,1.84,,3681.0,0.25,0.16,2023,11.0,18.0
755,0.15,9.07,0.15,0.16,3.44,1.92,,3677.0,0.19,0.16,2023,11.0,19.0
756,0.18,9.37,0.17,0.18,3.18,1.65,,3596.0,0.2,0.17,2023,11.0,21.0
757,0.12,7.79,0.11,0.17,3.24,1.76,,3016.0,0.23,0.18,2023,11.0,22.0
758,0.11,5.15,0.11,0.17,2.96,1.68,,4767.0,0.21,0.13,2023,11.0,28.0
759,0.13,10.1,0.11,0.14,2.92,1.56,,3711.0,0.18,0.15,2023,11.0,29.0
760,0.1,5.14,0.19,0.14,2.63,1.56,,3611.0,0.16,0.13,2023,12.0,1.0
761,0.14,9.15,0.15,0.17,2.76,1.76,320.0,3690.0,0.17,0.16,2023,12.0,1.0
762,0.19,6.35,0.14,0.18,2.64,1.74,,4717.0,0.16,0.1,2023,12.0,2.0
763,0.07,4.2,0.14,0.13,2.44,1.64,245.0,3571.0,0.15,0.15,2023,12.0,2.0
764,,,,,,,,,,0.13,2023,12.0,3.0
765,0.2,7.6,0.14,0.16,2.68,1.76,,3535.0,0.17,0.15,2023,12.0,3.0
766,0.17,6.26,0.13,0.17,2.88,1.8,210.0,3129.0,0.17,0.17,2023,12.0,4.0
767,0.1,3.38,0.15,0.17,2.92,1.84,400.0,3639.0,0.17,0.12,2023,12.0,5.0
768,0.2,4.56,0.16,0.13,2.68,1.68,360.0,3676.0,0.19,0.19,2023,12.0,6.0
769,0.1,4.3,0.16,0.14,2.8,1.64,340.0,3230.0,0.16,0.13,2023,12.0,7.0
770,0.13,3.2,0.15,0.13,2.72,1.6,280.0,3638.0,0.14,0.11,2023,12.0,8.0
771,0.06,3.8,0.18,0.14,2.56,1.52,,3195.0,0.16,0.12,2023,12.0,9.0
772,0.16,13.3,0.17,0.12,2.72,1.52,300.0,3715.0,0.15,0.17,2023,12.0,11.0
773,0.08,11.6,0.14,0.14,2.76,1.48,240.0,3441.0,0.15,0.19,2023,12.0,12.0
774,0.08,12.84,0.15,0.13,2.68,1.5,220.0,3832.0,0.16,0.17,2023,12.0,13.0
775,0.09,11.5,0.15,0.15,2.75,1.62,,3862.0,0.15,0.17,2023,12.0,14.0
776,0.11,7.12,0.13,0.13,2.64,1.6,200.0,3528.0,0.16,0.13,2023,12.0,15.0
777,,,,,,,,,,0.13,2023,12.0,16.0
778,0.12,4.71,0.14,0.13,2.6,1.68,,2195.0,0.15,0.17,2023,12.0,17.0
779,0.08,3.92,0.15,0.11,2.56,1.63,190.0,3854.0,0.15,0.13,2023,12.0,18.0
780,0.12,3.72,0.16,0.12,2.48,1.6,220.0,3328.0,0.15,0.15,2023,12.0,19.0
781,0.1,3.64,0.14,0.14,2.48,1.6,200.0,3376.0,0.15,0.18,2023,12.0,21.0
782,0.07,3.03,0.13,3.03,2.4,1.52,210.0,3295.0,0.15,0.14,2023,12.0,22.0
783,0.1,3.46,0.16,0.13,2.48,1.6,,3269.0,0.14,0.12,2023,12.0,23.0
784,0.06,3.18,0.11,0.12,2.57,1.45,,3818.0,0.14,0.11,2023,12.0,24.0
785,0.06,2.98,0.11,0.14,2.35,1.67,160.0,3742.0,0.14,0.14,2023,12.0,25.0
786,0.08,2.37,0.14,0.19,2.56,1.6,150.0,3802.0,0.13,0.19,2023,12.0,26.0
787,0.06,2.59,0.18,0.16,2.4,1.52,138.0,3628.0,0.14,0.19,2023,12.0,27.0
788,0.07,2.67,0.15,0.12,2.44,1.48,,3789.0,0.13,0.13,2023,12.0,28.0
789,0.06,2.28,0.12,0.12,2.28,1.76,136.0,3864.0,0.13,0.16,2023,12.0,29.0
790,0.08,2.09,0.13,0.12,2.36,1.6,,3777.0,0.14,0.16,2023,12.0,31.0
791,0.09,5.51,0.14,0.11,3.04,1.6,86.0,3390.0,0.15,0.15,2024,1.0,1.0
792,0.06,2.21,0.12,0.13,2.44,1.6,,3735.0,,0.14,2024,1.0,1.0
793,0.08,4.5,0.13,0.12,2.3,1.6,,1711.0,0.14,0.17,2024,1.0,2.0
794,0.06,2.21,0.12,0.13,2.44,1.6,,3719.0,,0.13,2024,1.0,2.0
795,0.09,2.41,0.12,0.14,2.34,1.6,47.0,3374.0,0.13,0.17,2024,1.0,3.0
796,0.06,3.23,0.14,0.12,2.56,1.44,,3786.0,,0.17,2024,1.0,3.0
797,0.09,2.76,0.16,0.14,2.4,1.6,,3775.0,0.14,0.11,2024,1.0,4.0
798,0.04,2.44,0.12,0.14,2.44,1.58,,3718.0,0.14,0.16,2024,1.0,5.0
799,,,,,,,,3472.0,0.14,0.11,2024,1.0,6.0
800,0.04,1.9,0.13,0.13,2.32,1.68,,2193.0,0.14,0.16,2024,1.0,7.0
801,0.06,2.02,0.13,0.14,2.32,1.6,120.0,2192.0,0.13,0.19,2024,1.0,8.0
802,0.1,5.74,0.16,0.12,3.17,1.65,,3561.0,0.16,0.11,2024,1.0,9.0
803,,,,,,,94.0,3657.0,0.16,0.14,2024,1.0,11.0
804,0.09,3.5,0.14,0.16,3.09,1.62,60.0,1930.0,0.18,0.19,2024,1.0,12.0
805,0.09,4.89,0.15,0.13,2.98,1.63,,2231.0,0.19,0.17,2024,1.0,13.0
806,0.14,4.26,0.14,0.14,2.92,1.6,,3822.0,0.14,0.17,2024,1.0,14.0
807,,,,,,,86.0,2235.0,0.14,0.11,2024,1.0,15.0
808,0.1,4.64,0.15,0.1,2.36,1.64,,,,0.16,2024,1.0,16.0
809,0.08,4.67,0.17,0.12,2.4,1.6,72.0,2231.0,0.19,0.18,2024,1.0,17.0
810,0.1,4.16,0.12,0.13,2.32,1.52,56.0,3822.0,0.14,0.15,2024,1.0,18.0
811,0.06,4.26,0.13,0.12,2.34,1.56,60.0,3936.0,0.14,0.18,2024,1.0,19.0
812,0.08,7.65,0.1,0.12,2.4,1.52,,2226.0,0.14,0.1,2024,1.0,21.0
813,0.08,,,0.14,2.32,1.6,60.0,3459.0,0.13,0.2,2024,1.0,22.0
814,0.06,6.88,0.14,0.1,2.34,1.6,40.0,3448.0,0.13,0.14,2024,1.0,23.0
815,0.09,7.25,0.15,0.14,2.32,1.68,,3892.0,0.14,0.13,2024,1.0,24.0
816,0.1,6.5,0.14,0.1,2.4,1.56,,3436.0,0.14,0.13,2024,1.0,25.0
817,,,,,,,25.0,3979.0,0.13,0.12,2024,1.0,26.0
818,,,,,,,,3655.0,0.13,0.12,2024,1.0,27.0
819,0.08,1.1,0.12,0.1,2.4,1.6,,3966.0,0.14,0.19,2024,1.0,28.0
820,0.1,1.29,0.13,0.11,2.32,1.52,,3966.0,0.14,0.19,2024,1.0,29.0
821,,,,,,,33.0,3392.0,0.14,0.13,2024,1.0,31.0
822,0.08,1.62,0.17,0.12,2.41,1.55,30.0,1891.0,0.14,0.1,2024,2.0,1.0
823,0.04,2.26,0.09,0.13,2.41,1.56,,1989.0,0.14,0.16,2024,2.0,1.0
824,0.05,1.84,0.16,0.1,2.6,1.52,42.0,3367.0,0.13,0.18,2024,2.0,2.0
825,,,,,,,30.0,3754.0,0.13,0.19,2024,2.0,2.0
826,0.02,1.33,0.25,0.16,2.52,1.58,,3921.0,0.13,0.12,2024,2.0,3.0
827,0.08,2.77,0.14,0.12,2.56,1.52,40.0,3675.0,0.13,0.13,2024,2.0,4.0
828,0.1,3.22,0.18,0.11,2.52,1.6,46.0,3456.0,0.13,0.15,2024,2.0,5.0
829,0.06,4.32,0.17,0.11,2.48,1.62,,2256.0,0.14,0.11,2024,2.0,6.0
830,0.07,5.16,0.15,0.13,2.56,1.52,46.0,3522.0,0.13,0.13,2024,2.0,7.0
831,,,,,,,45.0,3812.0,0.13,0.18,2024,2.0,8.0
832,0.06,4.28,0.16,0.13,2.44,1.6,30.0,2247.0,0.14,0.2,2024,2.0,9.0
833,0.06,3.85,0.1,0.11,2.64,1.6,,2133.0,0.15,0.1,2024,2.0,11.0
834,0.13,3.15,0.11,0.12,2.72,1.68,,2228.0,0.14,0.17,2024,2.0,12.0
835,0.08,3.75,0.14,0.1,2.4,1.56,,3453.0,0.14,0.19,2024,2.0,13.0
836,0.11,2.66,0.16,0.11,2.36,1.52,,1689.0,0.14,0.11,2024,2.0,14.0
837,0.11,2.46,0.1,0.11,2.44,1.6,,2074.0,0.13,0.15,2024,2.0,15.0
838,0.1,2.18,0.15,0.13,2.6,1.62,,3805.0,0.14,0.11,2024,2.0,16.0
839,0.08,2.32,0.15,0.14,2.56,1.56,,3842.0,0.14,0.17,2024,2.0,17.0
840,0.08,2.42,0.14,0.13,2.24,1.6,,2067.0,0.14,0.13,2024,2.0,18.0
841,0.08,2.59,0.15,0.12,2.28,1.68,40.0,3779.0,0.14,0.16,2024,2.0,19.0
842,0.12,3.52,0.16,0.13,2.28,1.58,27.0,3762.0,0.13,0.14,2024,2.0,21.0
843,0.09,3.26,0.13,0.12,2.35,1.64,30.0,3790.0,0.14,0.15,2024,2.0,22.0
844,0.07,2.56,0.11,0.11,2.32,1.6,,3769.0,0.14,0.18,2024,2.0,23.0
845,0.12,2.85,0.13,0.12,2.36,1.68,,3755.0,0.13,0.12,2024,2.0,24.0
846,,,,,,,,3970.0,0.13,0.12,2024,2.0,25.0
847,0.09,3.45,0.15,0.12,2.48,1.6,39.0,3746.0,0.14,0.18,2024,2.0,26.0
848,0.06,3.18,0.14,0.13,2.52,1.54,35.0,3716.0,0.4,0.1,2024,2.0,27.0
849,0.05,4.08,0.15,0.14,2.48,1.52,,3783.0,0.13,0.19,2024,2.0,28.0
850,,,,,,,,3738.0,0.14,0.18,2024,3.0,1.0
851,0.05,10.3,0.2,0.13,2.56,1.52,,3872.0,0.13,0.18,2024,3.0,1.0
852,0.09,4.36,0.18,0.14,2.86,1.75,48.0,4892.0,0.13,0.14,2024,3.0,2.0
853,,,,,,,,3712.0,0.13,0.19,2024,3.0,2.0
854,,,,,,,,3621.0,0.14,0.17,2024,3.0,3.0
855,0.08,8.67,0.13,0.13,2.52,1.52,,3326.0,0.13,0.18,2024,3.0,3.0
856,0.09,2.24,0.13,0.13,2.56,1.44,,3698.0,0.13,0.14,2024,3.0,4.0
857,0.11,3.46,0.16,0.16,2.6,1.48,42.0,3613.0,0.14,0.16,2024,3.0,5.0
858,,,,,,,38.0,3763.0,0.13,0.17,2024,3.0,6.0
859,0.08,4.47,0.12,0.14,2.48,1.48,35.0,3638.0,0.14,0.12,2024,3.0,7.0
860,0.1,4.18,0.15,0.11,2.52,1.46,43.0,3759.0,0.13,0.12,2024,3.0,8.0
861,0.04,5.72,0.11,0.11,2.48,1.46,,3827.0,0.13,0.19,2024,3.0,9.0
862,0.11,10.9,0.18,0.12,2.56,1.44,46.0,3691.0,0.13,0.13,2024,3.0,11.0
863,0.08,5.25,0.16,0.12,2.48,1.44,38.0,3712.0,0.13,0.12,2024,3.0,12.0
864,0.06,4.12,0.15,0.12,2.48,1.52,48.0,4871.0,0.12,0.2,2024,3.0,13.0
865,0.1,5.3,0.16,0.14,2.5,1.54,52.0,3741.0,0.13,0.15,2024,3.0,14.0
866,0.06,5.67,0.16,0.15,2.56,1.52,,3763.0,0.14,0.15,2024,3.0,15.0
867,0.09,7.32,0.15,0.13,2.52,1.54,,4852.0,0.13,0.11,2024,3.0,16.0
868,,,,,,,,3178.0,0.14,0.13,2024,3.0,17.0
869,0.1,5.36,0.14,0.13,2.56,1.48,56.0,4751.0,0.13,0.16,2024,3.0,18.0
870,0.08,4.75,0.16,0.15,2.6,1.52,,4871.0,0.13,0.15,2024,3.0,19.0
871,,,,,,,,4854.0,0.13,0.19,2024,3.0,21.0
872,0.12,5.22,0.17,0.12,2.64,1.68,,4871.0,0.13,0.2,2024,3.0,22.0
873,,,,,,,,3733.0,0.12,0.15,2024,3.0,23.0
874,,,,,,,,4888.0,0.13,0.12,2024,3.0,24.0
875,0.11,7.93,0.14,0.12,2.68,1.6,52.0,3241.0,0.14,0.19,2024,3.0,25.0
876,0.12,4.66,0.13,0.14,2.06,1.35,42.0,4817.0,0.13,0.14,2024,3.0,26.0
877,0.13,5.28,0.15,0.13,2.24,1.52,56.0,3721.0,0.14,0.18,2024,3.0,27.0
878,0.11,3.71,0.16,0.14,2.16,1.44,57.0,3729.0,0.14,0.14,2024,3.0,28.0
879,0.1,4.08,0.18,0.13,2.34,1.38,,4829.0,0.13,0.12,2024,3.0,29.0
880,,,,,,,,3127.0,0.13,0.15,2024,3.0,31.0
881,0.14,5.27,0.12,0.13,2.28,1.52,56.0,4852.0,0.13,0.2,2024,4.0,1.0
882,0.1,8.53,0.18,0.14,2.4,1.6,75.0,4826.0,0.14,0.18,2024,4.0,1.0
883,0.1,7.93,0.15,0.14,2.78,1.72,,4796.0,0.13,0.1,2024,4.0,2.0
884,0.03,8.48,0.14,0.16,2.24,1.48,62.0,4597.0,0.13,0.15,2024,4.0,2.0
885,0.08,7.86,0.15,0.15,2.32,1.52,86.0,4638.0,0.13,0.14,2024,4.0,3.0
886,0.1,5.39,0.15,0.15,2.72,1.76,72.0,3662.0,0.15,0.1,2024,4.0,3.0
887,0.13,7.32,0.15,0.13,2.52,1.54,,4879.0,0.14,0.14,2024,4.0,4.0
888,,,,,,,,4867.0,0.13,0.13,2024,4.0,5.0
889,,,,,,,,4821.0,0.13,0.16,2024,4.0,6.0
890,,,,,,,87.0,4918.0,0.13,0.19,2024,4.0,7.0
891,0.11,7.72,0.14,0.16,2.64,1.68,84.0,3628.0,0.14,0.1,2024,4.0,8.0
892,0.1,6.85,0.13,0.14,2.68,1.72,82.0,3644.0,0.15,0.15,2024,4.0,9.0
893,0.12,7.65,0.14,0.13,2.32,1.56,,4831.0,0.13,0.11,2024,4.0,11.0
894,0.11,7.8,0.19,0.15,2.4,1.6,86.0,4871.0,0.14,0.19,2024,4.0,12.0
895,,,,,,,,4933.0,0.13,0.2,2024,4.0,13.0
896,0.1,7.18,0.16,0.15,2.68,1.7,,3343.0,0.14,0.2,2024,4.0,14.0
897,0.1,9.28,0.18,0.14,2.89,1.82,55.0,3538.0,0.15,0.13,2024,4.0,15.0
898,0.1,10.2,0.2,0.13,2.72,1.76,58.0,3345.0,0.15,0.2,2024,4.0,16.0
899,0.1,8.45,0.14,0.13,2.44,1.76,,4711.0,0.13,0.19,2024,4.0,17.0
900,0.11,8.98,0.16,0.13,2.41,1.84,62.0,3062.0,0.14,0.12,2024,4.0,18.0
901,,,,,,,44.0,4733.0,0.13,0.17,2024,4.0,19.0
902,0.08,5.75,0.26,0.15,2.4,1.6,,3492.0,0.15,0.14,2024,4.0,21.0
903,0.08,5.1,0.2,0.16,2.24,1.68,52.0,4737.0,0.14,0.16,2024,4.0,22.0
904,0.13,5.7,0.22,0.16,2.44,1.48,50.0,3796.0,0.15,0.15,2024,4.0,23.0
905,0.13,6.1,0.2,0.13,2.4,1.56,85.0,4786.0,0.14,0.15,2024,4.0,24.0
906,0.09,6.92,0.18,0.16,2.87,1.95,86.0,3738.0,0.15,0.15,2024,4.0,25.0
907,0.11,7.16,0.18,0.17,2.64,1.6,92.0,3329.0,0.16,0.14,2024,4.0,26.0
908,0.11,6.15,0.15,0.15,2.56,1.44,,2255.0,0.18,0.18,2024,4.0,27.0
909,0.11,7.34,0.16,0.14,2.48,1.52,85.0,3155.0,0.16,0.17,2024,4.0,28.0
910,,,,,,,94.0,3730.0,0.14,0.11,2024,4.0,29.0
911,0.1,9.45,0.15,0.16,2.76,1.84,74.0,3281.0,0.16,0.2,2024,5.0,1.0
912,0.1,8.62,0.19,0.14,2.13,1.71,102.0,4809.0,0.14,0.16,2024,5.0,1.0
913,0.14,9.04,0.2,0.16,2.4,1.32,142.0,3207.0,0.14,0.14,2024,5.0,2.0
914,0.2,8.96,0.19,0.15,2.64,1.68,78.0,3096.0,0.14,0.15,2024,5.0,2.0
915,0.13,12.6,0.22,0.15,2.16,1.2,290.0,4876.0,0.14,0.18,2024,5.0,3.0
916,0.13,7.15,0.16,0.13,2.64,1.68,72.0,3032.0,0.14,0.17,2024,5.0,3.0
917,0.12,7.2,0.14,0.14,2.68,1.64,80.0,2229.0,0.16,0.16,2024,5.0,4.0
918,0.11,9.12,0.15,0.14,2.34,1.38,,3729.0,0.14,0.1,2024,5.0,5.0
919,0.14,7.52,0.18,0.15,2.4,1.48,82.0,3681.0,0.15,0.17,2024,5.0,6.0
920,,,,,,,,3721.0,0.14,0.19,2024,5.0,7.0
921,0.1,7.31,0.18,0.14,2.44,1.52,89.0,3825.0,0.14,0.19,2024,5.0,8.0
922,,,,,,,80.0,5021.0,0.14,0.14,2024,5.0,9.0
923,0.15,10.3,0.15,0.14,2.2,1.48,,5084.0,0.14,0.11,2024,5.0,11.0
924,0.17,9.86,0.17,0.15,2.32,1.5,124.0,4885.0,0.14,0.11,2024,5.0,12.0
925,,,,,,,192.0,4892.0,0.14,0.19,2024,5.0,13.0
926,0.22,3.1,0.12,0.14,2.6,1.44,156.0,4992.0,0.14,0.15,2024,5.0,14.0
927,0.13,4.25,0.14,0.16,2.56,1.52,168.0,4935.0,0.14,0.17,2024,5.0,15.0
928,0.12,9.76,0.19,0.15,2.68,1.64,140.0,4931.0,0.15,0.17,2024,5.0,16.0
929,0.07,15.1,0.14,0.16,2.12,1.4,,4886.0,0.14,0.14,2024,5.0,17.0
930,0.24,5.8,0.16,0.16,2.08,1.32,136.0,4870.0,0.14,0.15,2024,5.0,18.0
931,,,,,,,128.0,4932.0,0.14,0.16,2024,5.0,19.0
932,0.06,4.47,0.14,0.17,2.16,1.2,144.0,4846.0,0.14,0.2,2024,5.0,21.0
933,0.14,8.26,0.1,0.16,2.16,1.3,138.0,4921.0,0.14,0.16,2024,5.0,22.0
934,0.16,8.4,0.2,0.16,2.28,1.24,130.0,4964.0,0.14,0.14,2024,5.0,23.0
935,0.18,9.64,0.19,0.16,2.32,1.28,,5149.0,0.14,0.1,2024,5.0,24.0
936,0.12,8.24,0.18,0.15,2.28,1.24,147.0,3815.0,0.14,0.11,2024,5.0,25.0
937,,,,,,,150.0,5039.0,0.14,0.12,2024,5.0,26.0
938,0.16,7.32,0.16,0.16,2.4,1.44,290.0,5071.0,0.14,0.16,2024,5.0,27.0
939,0.17,6.27,0.12,0.17,2.1,1.2,280.0,3986.0,0.14,0.16,2024,5.0,28.0
940,0.17,9.55,0.15,0.16,2.12,1.26,310.0,5030.0,0.14,0.15,2024,5.0,29.0
941,0.26,11.8,0.12,0.16,2.14,1.28,230.0,5057.0,0.14,0.18,2024,5.0,31.0
942,,,,,,,210.0,5050.0,0.14,0.15,2024,6.0,1.0
943,0.3,14.7,0.13,0.17,2.08,1.36,220.0,5070.0,0.14,0.15,2024,6.0,1.0
944,0.18,10.5,0.18,0.16,2.12,1.44,200.0,4979.0,0.14,0.1,2024,6.0,2.0
945,0.25,24.8,0.14,0.25,2.48,1.3,,4971.0,0.14,0.12,2024,6.0,2.0
946,,,,,,,290.0,4869.0,0.14,0.14,2024,6.0,3.0
947,0.06,7.72,0.11,0.18,2.16,1.48,206.0,4965.0,0.14,0.15,2024,6.0,3.0
948,0.09,8.61,0.15,0.13,2.2,1.28,220.0,4966.0,0.14,0.14,2024,6.0,4.0
949,0.06,8.36,0.15,0.16,2.16,1.46,210.0,4913.0,0.14,0.14,2024,6.0,5.0
950,0.15,14.5,0.14,0.16,2.08,1.32,240.0,4942.0,0.14,0.19,2024,6.0,6.0
951,0.09,7.58,0.13,0.17,2.12,1.36,210.0,4975.0,0.15,0.17,2024,6.0,7.0
952,0.17,7.61,0.14,0.14,2.16,1.32,,5009.0,0.14,0.16,2024,6.0,8.0
953,0.22,8.09,0.14,0.15,2.2,1.36,250.0,5188.0,0.14,0.15,2024,6.0,9.0
954,0.12,7.37,0.15,0.15,2.16,1.12,240.0,5026.0,0.14,0.18,2024,6.0,11.0
955,0.09,8.45,0.13,0.16,2.24,1.24,220.0,5089.0,0.14,0.2,2024,6.0,12.0
956,0.1,8.86,0.14,0.16,2.28,1.28,240.0,5009.0,0.14,0.11,2024,6.0,13.0
957,0.17,20.5,0.12,0.17,2.16,1.2,230.0,4936.0,0.14,0.1,2024,6.0,14.0
958,0.11,6.72,0.13,0.17,2.24,1.38,240.0,4938.0,0.14,0.17,2024,6.0,15.0
959,0.15,15.8,0.21,0.16,2.18,1.38,,5040.0,0.14,0.12,2024,6.0,16.0
960,0.14,13.8,0.18,0.18,2.21,1.38,240.0,4910.0,0.14,0.2,2024,6.0,17.0
961,,,,,,,260.0,5112.0,0.14,0.17,2024,6.0,18.0
962,0.14,20.5,0.14,0.19,2.16,1.36,290.0,5008.0,0.14,0.13,2024,6.0,19.0
963,0.14,9.78,0.15,0.22,2.28,1.24,,4998.0,0.15,0.11,2024,6.0,21.0
964,0.13,8.36,0.15,0.17,2.16,1.32,290.0,4986.0,0.14,0.18,2024,6.0,22.0
965,,,,,,,,4975.0,0.14,0.17,2024,6.0,23.0
966,0.1,7.23,0.16,0.16,2.32,1.44,300.0,4869.0,0.14,0.14,2024,6.0,24.0
967,,,,,,,300.0,5026.0,0.14,0.18,2024,6.0,25.0
968,0.14,9.26,0.16,0.22,2.48,1.4,280.0,5031.0,0.14,0.12,2024,6.0,26.0
969,0.15,8.67,0.21,0.21,2.24,1.28,522.0,4875.0,0.14,0.18,2024,6.0,27.0
970,0.12,7.35,0.2,0.2,2.28,1.24,,4950.0,0.14,0.18,2024,6.0,28.0
971,0.07,9.12,0.16,0.19,2.52,1.44,570.0,5045.0,0.14,0.19,2024,6.0,29.0
972,0.12,18.5,0.21,0.19,2.72,1.38,480.0,3928.0,0.15,0.17,2024,7.0,1.0
973,0.2,7.36,0.14,0.22,2.24,1.46,490.0,3310.0,0.14,0.15,2024,7.0,1.0
974,,,,,,,,2366.0,0.19,0.16,2024,7.0,2.0
975,0.15,9.2,0.16,0.19,2.44,1.36,480.0,4847.0,0.14,0.11,2024,7.0,2.0
976,0.26,9.92,0.16,0.23,2.36,1.36,600.0,4769.0,0.16,0.15,2024,7.0,3.0
977,0.09,8.11,0.15,0.17,2.48,1.36,460.0,2978.0,0.14,0.15,2024,7.0,3.0
978,0.12,11.6,0.15,0.18,2.52,1.48,340.0,3774.0,0.14,0.17,2024,7.0,4.0
979,0.16,10.2,0.16,0.2,2.48,1.44,530.0,4867.0,0.14,0.2,2024,7.0,5.0
980,0.19,8.45,0.17,0.23,2.4,1.36,510.0,3643.0,0.17,0.17,2024,7.0,6.0
981,0.14,9.35,0.18,0.2,2.44,1.48,,3652.0,0.14,0.17,2024,7.0,7.0
982,0.1,10.1,0.18,0.2,2.24,1.4,500.0,4911.0,0.14,0.17,2024,7.0,8.0
983,0.2,6.67,0.13,0.21,2.32,1.44,510.0,3362.0,0.15,0.17,2024,7.0,9.0
984,0.15,7.55,0.16,0.19,2.28,1.48,520.0,3310.0,0.14,0.17,2024,7.0,11.0
985,0.11,7.85,0.14,0.2,2.32,1.28,580.0,3872.0,0.14,0.13,2024,7.0,12.0
986,0.18,8.11,0.15,0.22,2.32,1.44,,3807.0,0.14,0.17,2024,7.0,13.0
987,0.22,9.21,0.24,0.2,2.32,1.36,,3895.0,0.14,0.1,2024,7.0,14.0
988,0.18,5.04,0.23,0.22,2.24,1.4,580.0,5027.0,0.14,0.15,2024,7.0,15.0
989,0.16,6.35,0.21,0.2,2.28,1.48,560.0,1866.0,0.2,0.16,2024,7.0,16.0
990,0.16,6.49,0.18,0.19,2.32,1.44,490.0,3951.0,0.14,0.15,2024,7.0,17.0
991,0.12,5.92,0.14,0.18,2.43,1.46,,4259.0,0.14,0.13,2024,7.0,18.0
992,0.22,5.86,0.11,0.17,2.32,1.46,,3613.0,0.16,0.11,2024,7.0,19.0
993,,,,,,,,3535.0,0.14,0.2,2024,7.0,21.0
994,,,,,,,640.0,1966.0,0.17,0.13,2024,7.0,22.0
995,0.15,8.17,0.14,0.2,2.42,1.36,660.0,4038.0,0.14,0.13,2024,7.0,23.0
996,0.14,7.87,0.15,0.17,2.32,1.28,650.0,3871.0,0.14,0.1,2024,7.0,24.0
997,0.11,8.36,0.15,0.2,2.4,1.32,640.0,2385.0,0.17,0.18,2024,7.0,25.0
998,0.12,9.81,0.17,0.18,2.43,1.46,,3333.0,0.16,0.16,2024,7.0,26.0
999,0.24,5.95,0.12,0.18,2.52,1.48,,4673.0,0.16,0.2,2024,7.0,27.0
1000,,,,,,,,3739.0,0.17,0.16,2024,7.0,28.0
1001,0.1,7.95,0.18,0.21,2.24,1.32,,3507.0,0.19,0.2,2024,7.0,29.0
1002,,,,,,,600.0,4785.0,0.14,0.16,2024,7.0,31.0
1003,,,,,,,,5162.0,0.14,0.15,2024,8.0,1.0
1004,0.19,10.2,0.21,0.19,2.43,1.42,620.0,4756.0,0.14,0.17,2024,8.0,1.0
1005,0.22,7.98,0.14,0.22,2.32,1.44,950.0,2400.0,0.21,0.11,2024,8.0,2.0
1006,0.18,10.15,0.25,0.2,2.36,1.32,640.0,4727.0,0.16,0.12,2024,8.0,2.0
1007,0.15,13.5,0.18,0.21,2.64,1.38,,3426.0,0.14,0.19,2024,8.0,3.0
1008,0.14,8.92,0.16,0.2,2.32,1.46,640.0,46685.0,0.14,0.13,2024,8.0,3.0
1009,0.15,8.38,0.09,0.21,2.24,1.36,640.0,2263.0,0.21,0.18,2024,8.0,4.0
1010,0.16,9.15,0.18,0.22,2.24,1.32,700.0,4695.0,0.18,0.14,2024,8.0,5.0
1011,0.18,7.57,0.12,0.24,2.32,1.46,690.0,3625.0,0.15,0.14,2024,8.0,6.0
1012,0.11,7.98,0.11,0.21,2.4,1.36,700.0,4310.0,0.18,0.14,2024,8.0,7.0
1013,0.1,8.15,0.18,0.23,2.32,1.32,,4832.0,0.14,0.16,2024,8.0,8.0
1014,0.09,8.09,0.16,0.21,2.36,1.4,825.0,3696.0,0.14,0.17,2024,8.0,9.0
1015,0.1,8.11,0.18,0.21,2.32,1.44,700.0,4864.0,1.4,0.12,2024,8.0,11.0
1016,,,,,,,680.0,5024.0,0.15,0.11,2024,8.0,12.0
1017,0.08,8.02,0.15,0.22,2.36,1.48,600.0,5248.0,0.15,0.17,2024,8.0,13.0
1018,0.23,10.6,0.2,0.22,2.32,1.32,680.0,5056.0,0.14,0.16,2024,8.0,14.0
1019,0.13,8.42,0.16,0.21,2.28,1.36,,5421.0,0.15,0.14,2024,8.0,15.0
1020,0.1,9.06,0.18,0.22,2.52,1.48,640.0,4911.0,0.15,0.12,2024,8.0,16.0
1021,,,,,,,,5021.0,0.14,0.12,2024,8.0,17.0
1022,0.12,8.56,0.2,0.22,2.48,1.56,,5216.0,0.14,0.19,2024,8.0,18.0
1023,0.13,8.13,0.17,0.23,2.42,1.52,960.0,4896.0,0.14,0.13,2024,8.0,19.0
1024,0.15,8.21,0.2,0.23,2.4,1.36,,3344.0,0.18,0.16,2024,8.0,21.0
1025,0.15,9.16,0.18,0.2,2.45,1.41,,3512.0,0.14,0.17,2024,8.0,22.0
1026,0.2,9.18,0.25,0.2,2.52,1.5,,3296.0,0.14,0.13,2024,8.0,23.0
1027,,,,,,,,3792.0,0.14,0.1,2024,8.0,24.0
1028,,,,,,,,3440.0,0.14,0.12,2024,8.0,25.0
1029,,,,,,,860.0,2032.0,0.17,0.15,2024,8.0,26.0
1030,0.12,8.26,0.25,0.21,2.48,1.44,870.0,4726.0,0.14,0.12,2024,8.0,27.0
1031,0.12,9.4,0.18,0.21,2.48,1.44,800.0,5056.0,0.15,0.15,2024,8.0,28.0
1032,0.1,14.7,0.12,0.2,2.32,1.36,760.0,4621.0,0.14,0.18,2024,8.0,29.0
1033,0.16,10.9,0.1,0.22,2.56,1.44,,3344.0,0.14,0.12,2024,8.0,31.0
1034,,,,,,,,3728.0,0.15,0.2,2024,9.0,1.0
1035,0.14,10.85,0.23,0.23,2.4,1.48,840.0,3776.0,0.14,0.17,2024,9.0,1.0
1036,0.18,9.98,0.14,0.21,2.4,1.36,,4976.0,0.14,0.12,2024,9.0,2.0
1037,0.1,9.42,0.16,0.23,2.42,1.56,840.0,5088.0,0.14,0.18,2024,9.0,2.0
1038,0.09,7.03,0.14,0.22,3.18,1.54,,5120.0,0.14,0.13,2024,9.0,3.0
1039,0.25,12.8,0.14,0.2,2.44,1.76,,5088.0,0.14,0.11,2024,9.0,3.0
1040,,,,,,,850.0,2416.0,0.14,0.19,2024,9.0,4.0
1041,,,,,,,790.0,4016.0,0.15,0.16,2024,9.0,5.0
1042,0.15,8.27,0.13,0.21,2.3,1.56,,1824.0,0.14,0.16,2024,9.0,6.0
1043,0.15,13.8,0.18,0.2,2.8,1.68,,3520.0,0.15,0.19,2024,9.0,7.0
1044,,,,,,,,5280.0,0.14,0.11,2024,9.0,8.0
1045,,,,,,,800.0,3472.0,0.15,0.19,2024,9.0,9.0
1046,0.11,11.25,0.21,0.24,2.52,1.52,800.0,3762.0,0.14,0.13,2024,9.0,11.0
1047,0.08,11.38,0.17,0.22,2.58,1.62,900.0,2240.0,0.14,0.13,2024,9.0,12.0
1048,0.14,10.22,0.14,0.21,2.76,1.68,790.0,3920.0,0.15,0.18,2024,9.0,13.0
1049,0.11,10.92,0.18,0.2,2.58,1.7,800.0,3939.0,0.14,0.18,2024,9.0,14.0
1050,0.16,9.42,0.16,0.21,2.42,1.68,,3735.0,0.14,0.13,2024,9.0,15.0
1051,0.16,10.21,0.12,0.22,2.48,1.64,,5152.0,0.14,0.2,2024,9.0,16.0
1052,,,,,,,,3751.0,0.14,0.13,2024,9.0,17.0
1053,0.14,10.2,0.2,0.2,2.48,1.52,800.0,4736.0,0.14,0.15,2024,9.0,18.0
1054,0.16,11.8,0.13,0.22,2.52,1.56,760.0,3856.0,0.15,0.14,2024,9.0,19.0
1055,0.16,10.12,0.12,0.21,2.32,1.44,,3896.0,0.13,0.12,2024,9.0,21.0
1056,0.14,9.42,0.18,0.19,2.52,1.76,,4736.0,0.14,0.17,2024,9.0,22.0
1057,0.12,10.01,0.17,0.21,2.55,1.58,790.0,5088.0,0.14,0.16,2024,9.0,23.0
1058,,,,,,,,,,0.19,2024,9.0,24.0
1059,0.15,10.26,0.17,0.2,2.56,1.48,860.0,5280.0,0.14,0.14,2024,9.0,25.0
1060,,,,,,,,,,0.18,2024,9.0,26.0
1061,0.25,16.9,0.15,0.21,2.58,1.5,980.0,5184.0,0.14,0.15,2024,9.0,27.0
1062,,,,,,,,,,0.11,2024,9.0,28.0
1063,0.22,15.2,0.18,0.2,2.52,1.52,,5216.0,0.14,0.18,2024,9.0,29.0
1064,0.18,10.9,0.14,0.24,2.68,1.6,,5152.0,0.14,0.17,2024,10.0,1.0
1065,0.2,12.11,0.18,0.2,2.72,1.6,,4800.0,0.14,0.15,2024,10.0,1.0
1066,,,,,,,,5184.0,0.14,0.11,2024,10.0,2.0
1067,0.3,17.8,0.11,0.21,2.56,1.72,,5056.0,0.14,0.17,2024,10.0,3.0
1068,,,,,,,,,,0.15,2024,10.0,4.0
1069,0.28,19.0,0.09,0.19,2.72,1.62,,4689.0,0.14,0.12,2024,10.0,5.0
1070,0.39,22.4,0.11,0.2,2.68,1.56,,4576.0,0.15,0.19,2024,10.0,6.0
1071,0.22,22.3,0.14,0.21,2.52,1.58,,4527.0,0.14,0.18,2024,10.0,7.0
1072,0.25,13.3,0.13,0.21,2.72,1.52,600.0,5120.0,0.14,0.17,2024,10.0,8.0
1073,0.34,11.1,0.26,0.2,2.8,1.56,,5013.0,0.14,0.2,2024,10.0,9.0
